run,status,context,lpmd
SRR3088187,WT,cgi,0.04973357
SRR3088187,WT,cpg_shore,0.09675748
SRR3088187,WT,cpg_shelf,0.11730837
SRR3088187,WT,promoter,0.039426625
SRR3088187,WT,methylation_canyon,0.06282975
SRR3088187,WT,exon,0.08866994
SRR3088187,WT,genebody,0.09525935
SRR3088187,WT,sine,0.09568461
SRR3088187,WT,line,0.0990118
SRR3088187,WT,ltr,0.0932041
SRR3088187,WT,bivalent_domain,0.11897857
SRR3088187,WT,bivalent_promoter,0.09023067
SRR3088187,WT,nonbivalent_promoter,0.01593341
SRR3088187,WT,bivalent_promoter_bivslop1000,0.088048734
SRR3088187,WT,nonbivalent_promoter_bivslop1000,0.01557903
SRR3088190,WT,cgi,0.053960867
SRR3088190,WT,cpg_shore,0.10064468
SRR3088190,WT,cpg_shelf,0.124664485
SRR3088190,WT,promoter,0.042892445
SRR3088190,WT,methylation_canyon,0.07069672
SRR3088190,WT,exon,0.09435562
SRR3088190,WT,genebody,0.1002737
SRR3088190,WT,sine,0.10166496
SRR3088190,WT,line,0.10315456
SRR3088190,WT,ltr,0.09565364
SRR3088190,WT,bivalent_domain,0.13250467
SRR3088190,WT,bivalent_promoter,0.10026768
SRR3088190,WT,nonbivalent_promoter,0.016147185
SRR3088190,WT,bivalent_promoter_bivslop1000,0.09779082
SRR3088190,WT,nonbivalent_promoter_bivslop1000,0.015785445
SRR3088192,WT,cgi,0.030954894
SRR3088192,WT,cpg_shore,0.08752441
SRR3088192,WT,cpg_shelf,0.110796764
SRR3088192,WT,promoter,0.024318144
SRR3088192,WT,methylation_canyon,0.031499
SRR3088192,WT,exon,0.08475343
SRR3088192,WT,genebody,0.093018934
SRR3088192,WT,sine,0.10110812
SRR3088192,WT,line,0.1003143
SRR3088192,WT,ltr,0.09937931
SRR3088192,WT,bivalent_domain,0.05953573
SRR3088192,WT,bivalent_promoter,0.04534281
SRR3088192,WT,nonbivalent_promoter,0.013920417
SRR3088192,WT,bivalent_promoter_bivslop1000,0.04455857
SRR3088192,WT,nonbivalent_promoter_bivslop1000,0.013780994
SRR3088195,WT,cgi,0.02963915
SRR3088195,WT,cpg_shore,0.09297748
SRR3088195,WT,cpg_shelf,0.11877208
SRR3088195,WT,promoter,0.023518614
SRR3088195,WT,methylation_canyon,0.029564803
SRR3088195,WT,exon,0.09359779
SRR3088195,WT,genebody,0.10284444
SRR3088195,WT,sine,0.11661966
SRR3088195,WT,line,0.109844595
SRR3088195,WT,ltr,0.11038143
SRR3088195,WT,bivalent_domain,0.054335088
SRR3088195,WT,bivalent_promoter,0.04080727
SRR3088195,WT,nonbivalent_promoter,0.014992033
SRR3088195,WT,bivalent_promoter_bivslop1000,0.04021996
SRR3088195,WT,nonbivalent_promoter_bivslop1000,0.0149055775
SRR3088201,WT,cgi,0.044233933
SRR3088201,WT,cpg_shore,0.09376543
SRR3088201,WT,cpg_shelf,0.12120922
SRR3088201,WT,promoter,0.035537932
SRR3088201,WT,methylation_canyon,0.056592915
SRR3088201,WT,exon,0.0907228
SRR3088201,WT,genebody,0.09915007
SRR3088201,WT,sine,0.103783146
SRR3088201,WT,line,0.09843146
SRR3088201,WT,ltr,0.09886866
SRR3088201,WT,bivalent_domain,0.104715474
SRR3088201,WT,bivalent_promoter,0.07914527
SRR3088201,WT,nonbivalent_promoter,0.014793742
SRR3088201,WT,bivalent_promoter_bivslop1000,0.0774274
SRR3088201,WT,nonbivalent_promoter_bivslop1000,0.014399084
SRR3088204,WT,cgi,0.032067474
SRR3088204,WT,cpg_shore,0.094465
SRR3088204,WT,cpg_shelf,0.12933008
SRR3088204,WT,promoter,0.025598321
SRR3088204,WT,methylation_canyon,0.03431454
SRR3088204,WT,exon,0.0988541
SRR3088204,WT,genebody,0.10991558
SRR3088204,WT,sine,0.123815626
SRR3088204,WT,line,0.11258033
SRR3088204,WT,ltr,0.11856841
SRR3088204,WT,bivalent_domain,0.063779555
SRR3088204,WT,bivalent_promoter,0.0480509
SRR3088204,WT,nonbivalent_promoter,0.014576855
SRR3088204,WT,bivalent_promoter_bivslop1000,0.047251858
SRR3088204,WT,nonbivalent_promoter_bivslop1000,0.014391999
SRR3088206,WT,cgi,0.043492306
SRR3088206,WT,cpg_shore,0.0976968
SRR3088206,WT,cpg_shelf,0.123905785
SRR3088206,WT,promoter,0.03394298
SRR3088206,WT,methylation_canyon,0.0568617
SRR3088206,WT,exon,0.09318808
SRR3088206,WT,genebody,0.10237335
SRR3088206,WT,sine,0.111332215
SRR3088206,WT,line,0.108526856
SRR3088206,WT,ltr,0.10465134
SRR3088206,WT,bivalent_domain,0.09875257
SRR3088206,WT,bivalent_promoter,0.073200144
SRR3088206,WT,nonbivalent_promoter,0.014863969
SRR3088206,WT,bivalent_promoter_bivslop1000,0.071615376
SRR3088206,WT,nonbivalent_promoter_bivslop1000,0.014635706
SRR3088209,Other,cgi,0.034929205
SRR3088209,Other,cpg_shore,0.09825363
SRR3088209,Other,cpg_shelf,0.1313148
SRR3088209,Other,promoter,0.027249986
SRR3088209,Other,methylation_canyon,0.03903522
SRR3088209,Other,exon,0.10033253
SRR3088209,Other,genebody,0.11124671
SRR3088209,Other,sine,0.12227278
SRR3088209,Other,line,0.1152969
SRR3088209,Other,ltr,0.11355382
SRR3088209,Other,bivalent_domain,0.06978741
SRR3088209,Other,bivalent_promoter,0.051540878
SRR3088209,Other,nonbivalent_promoter,0.0153409
SRR3088209,Other,bivalent_promoter_bivslop1000,0.050664473
SRR3088209,Other,nonbivalent_promoter_bivslop1000,0.015201387
SRR3088211,R882,cgi,0.049530443
SRR3088211,R882,cpg_shore,0.09641474
SRR3088211,R882,cpg_shelf,0.107319
SRR3088211,R882,promoter,0.039164785
SRR3088211,R882,methylation_canyon,0.055145964
SRR3088211,R882,exon,0.081512086
SRR3088211,R882,genebody,0.08992038
SRR3088211,R882,sine,0.091611765
SRR3088211,R882,line,0.092494495
SRR3088211,R882,ltr,0.09201777
SRR3088211,R882,bivalent_domain,0.10803116
SRR3088211,R882,bivalent_promoter,0.08191207
SRR3088211,R882,nonbivalent_promoter,0.018197477
SRR3088211,R882,bivalent_promoter_bivslop1000,0.08016621
SRR3088211,R882,nonbivalent_promoter_bivslop1000,0.017765608
SRR3088214,Other,cgi,0.028965537
SRR3088214,Other,cpg_shore,0.08868475
SRR3088214,Other,cpg_shelf,0.11917639
SRR3088214,Other,promoter,0.022672066
SRR3088214,Other,methylation_canyon,0.029318115
SRR3088214,Other,exon,0.09258945
SRR3088214,Other,genebody,0.101463325
SRR3088214,Other,sine,0.113347866
SRR3088214,Other,line,0.10290085
SRR3088214,Other,ltr,0.10319011
SRR3088214,Other,bivalent_domain,0.055715088
SRR3088214,Other,bivalent_promoter,0.041409455
SRR3088214,Other,nonbivalent_promoter,0.013456029
SRR3088214,Other,bivalent_promoter_bivslop1000,0.040693223
SRR3088214,Other,nonbivalent_promoter_bivslop1000,0.013387552
SRR3088216,INS,cgi,0.04868416
SRR3088216,INS,cpg_shore,0.09913203
SRR3088216,INS,cpg_shelf,0.11689771
SRR3088216,INS,promoter,0.03828206
SRR3088216,INS,methylation_canyon,0.05605205
SRR3088216,INS,exon,0.087690406
SRR3088216,INS,genebody,0.0974386
SRR3088216,INS,sine,0.10684697
SRR3088216,INS,line,0.10003967
SRR3088216,INS,ltr,0.10407921
SRR3088216,INS,bivalent_domain,0.10791122
SRR3088216,INS,bivalent_promoter,0.08084339
SRR3088216,INS,nonbivalent_promoter,0.017322073
SRR3088216,INS,bivalent_promoter_bivslop1000,0.07910052
SRR3088216,INS,nonbivalent_promoter_bivslop1000,0.016962247
SRR3088219,INS,cgi,0.05890346
SRR3088219,INS,cpg_shore,0.10466185
SRR3088219,INS,cpg_shelf,0.12064683
SRR3088219,INS,promoter,0.047866546
SRR3088219,INS,methylation_canyon,0.071031295
SRR3088219,INS,exon,0.09244264
SRR3088219,INS,genebody,0.10139354
SRR3088219,INS,sine,0.10630683
SRR3088219,INS,line,0.101134114
SRR3088219,INS,ltr,0.10375696
SRR3088219,INS,bivalent_domain,0.13887638
SRR3088219,INS,bivalent_promoter,0.10773881
SRR3088219,INS,nonbivalent_promoter,0.019772766
SRR3088219,INS,bivalent_promoter_bivslop1000,0.10521753
SRR3088219,INS,nonbivalent_promoter_bivslop1000,0.019244349
SRR3088221,INS,cgi,0.053096235
SRR3088221,INS,cpg_shore,0.09826024
SRR3088221,INS,cpg_shelf,0.113801144
SRR3088221,INS,promoter,0.042152558
SRR3088221,INS,methylation_canyon,0.07105652
SRR3088221,INS,exon,0.08321261
SRR3088221,INS,genebody,0.09194782
SRR3088221,INS,sine,0.09874108
SRR3088221,INS,line,0.09162867
SRR3088221,INS,ltr,0.091631316
SRR3088221,INS,bivalent_domain,0.1326825
SRR3088221,INS,bivalent_promoter,0.09942758
SRR3088221,INS,nonbivalent_promoter,0.015269926
SRR3088221,INS,bivalent_promoter_bivslop1000,0.097082324
SRR3088221,INS,nonbivalent_promoter_bivslop1000,0.014814023
SRR3088224,INS,cgi,0.060723767
SRR3088224,INS,cpg_shore,0.107022785
SRR3088224,INS,cpg_shelf,0.12613234
SRR3088224,INS,promoter,0.050569896
SRR3088224,INS,methylation_canyon,0.07865742
SRR3088224,INS,exon,0.096019685
SRR3088224,INS,genebody,0.1045318
SRR3088224,INS,sine,0.110258535
SRR3088224,INS,line,0.10465804
SRR3088224,INS,ltr,0.10241057
SRR3088224,INS,bivalent_domain,0.15255342
SRR3088224,INS,bivalent_promoter,0.11960581
SRR3088224,INS,nonbivalent_promoter,0.019890307
SRR3088224,INS,bivalent_promoter_bivslop1000,0.1170067
SRR3088224,INS,nonbivalent_promoter_bivslop1000,0.01914215
SRR3088226,WT,cgi,0.050290573
SRR3088226,WT,cpg_shore,0.10398605
SRR3088226,WT,cpg_shelf,0.12743802
SRR3088226,WT,promoter,0.040419262
SRR3088226,WT,methylation_canyon,0.058451172
SRR3088226,WT,exon,0.09799279
SRR3088226,WT,genebody,0.107307404
SRR3088226,WT,sine,0.11480756
SRR3088226,WT,line,0.10776086
SRR3088226,WT,ltr,0.11050661
SRR3088226,WT,bivalent_domain,0.1126021
SRR3088226,WT,bivalent_promoter,0.08655678
SRR3088226,WT,nonbivalent_promoter,0.01825445
SRR3088226,WT,bivalent_promoter_bivslop1000,0.08468933
SRR3088226,WT,nonbivalent_promoter_bivslop1000,0.017934537
SRR3088229,WT,cgi,0.042922772
SRR3088229,WT,cpg_shore,0.10258728
SRR3088229,WT,cpg_shelf,0.12933074
SRR3088229,WT,promoter,0.03460217
SRR3088229,WT,methylation_canyon,0.047568906
SRR3088229,WT,exon,0.10021691
SRR3088229,WT,genebody,0.10987822
SRR3088229,WT,sine,0.11836267
SRR3088229,WT,line,0.1102601
SRR3088229,WT,ltr,0.113502376
SRR3088229,WT,bivalent_domain,0.08987353
SRR3088229,WT,bivalent_promoter,0.06962333
SRR3088229,WT,nonbivalent_promoter,0.017694838
SRR3088229,WT,bivalent_promoter_bivslop1000,0.0682842
SRR3088229,WT,nonbivalent_promoter_bivslop1000,0.017394956
SRR3088231,WT,cgi,0.046463583
SRR3088231,WT,cpg_shore,0.09767133
SRR3088231,WT,cpg_shelf,0.1241596
SRR3088231,WT,promoter,0.035981867
SRR3088231,WT,methylation_canyon,0.06293936
SRR3088231,WT,exon,0.08934547
SRR3088231,WT,genebody,0.09885491
SRR3088231,WT,sine,0.105515026
SRR3088231,WT,line,0.100160316
SRR3088231,WT,ltr,0.098422274
SRR3088231,WT,bivalent_domain,0.113669164
SRR3088231,WT,bivalent_promoter,0.08200746
SRR3088231,WT,nonbivalent_promoter,0.013767565
SRR3088231,WT,bivalent_promoter_bivslop1000,0.080052316
SRR3088231,WT,nonbivalent_promoter_bivslop1000,0.013538725
SRR3088234,WT,cgi,0.04753323
SRR3088234,WT,cpg_shore,0.09775026
SRR3088234,WT,cpg_shelf,0.12386354
SRR3088234,WT,promoter,0.037164222
SRR3088234,WT,methylation_canyon,0.063844286
SRR3088234,WT,exon,0.08924367
SRR3088234,WT,genebody,0.098764375
SRR3088234,WT,sine,0.10319711
SRR3088234,WT,line,0.10110629
SRR3088234,WT,ltr,0.097488
SRR3088234,WT,bivalent_domain,0.118120305
SRR3088234,WT,bivalent_promoter,0.08600667
SRR3088234,WT,nonbivalent_promoter,0.013911253
SRR3088234,WT,bivalent_promoter_bivslop1000,0.083973646
SRR3088234,WT,nonbivalent_promoter_bivslop1000,0.013633463
SRR3088241,INS,cgi,0.050074838
SRR3088241,INS,cpg_shore,0.100198075
SRR3088241,INS,cpg_shelf,0.125233
SRR3088241,INS,promoter,0.04019065
SRR3088241,INS,methylation_canyon,0.06803271
SRR3088241,INS,exon,0.09436058
SRR3088241,INS,genebody,0.10300804
SRR3088241,INS,sine,0.11133419
SRR3088241,INS,line,0.106775574
SRR3088241,INS,ltr,0.10340784
SRR3088241,INS,bivalent_domain,0.12375576
SRR3088241,INS,bivalent_promoter,0.09350334
SRR3088241,INS,nonbivalent_promoter,0.015034991
SRR3088241,INS,bivalent_promoter_bivslop1000,0.091478676
SRR3088241,INS,nonbivalent_promoter_bivslop1000,0.014466038
SRR3088244,WT,cgi,0.036420498
SRR3088244,WT,cpg_shore,0.10260381
SRR3088244,WT,cpg_shelf,0.13468353
SRR3088244,WT,promoter,0.028926644
SRR3088244,WT,methylation_canyon,0.03943092
SRR3088244,WT,exon,0.10310199
SRR3088244,WT,genebody,0.11396404
SRR3088244,WT,sine,0.124134846
SRR3088244,WT,line,0.118930764
SRR3088244,WT,ltr,0.117671736
SRR3088244,WT,bivalent_domain,0.07197412
SRR3088244,WT,bivalent_promoter,0.05419943
SRR3088244,WT,nonbivalent_promoter,0.016454002
SRR3088244,WT,bivalent_promoter_bivslop1000,0.053356655
SRR3088244,WT,nonbivalent_promoter_bivslop1000,0.016228946
SRR3088248,R882,cgi,0.0339787
SRR3088248,R882,cpg_shore,0.09566458
SRR3088248,R882,cpg_shelf,0.13494949
SRR3088248,R882,promoter,0.02685428
SRR3088248,R882,methylation_canyon,0.038155396
SRR3088248,R882,exon,0.10360787
SRR3088248,R882,genebody,0.110876784
SRR3088248,R882,sine,0.115351334
SRR3088248,R882,line,0.11319536
SRR3088248,R882,ltr,0.10615869
SRR3088248,R882,bivalent_domain,0.07175188
SRR3088248,R882,bivalent_promoter,0.053849213
SRR3088248,R882,nonbivalent_promoter,0.013572156
SRR3088248,R882,bivalent_promoter_bivslop1000,0.0528087
SRR3088248,R882,nonbivalent_promoter_bivslop1000,0.013423121
SRR3088251,R882,cgi,0.03598067
SRR3088251,R882,cpg_shore,0.100392826
SRR3088251,R882,cpg_shelf,0.14215212
SRR3088251,R882,promoter,0.029174224
SRR3088251,R882,methylation_canyon,0.041806202
SRR3088251,R882,exon,0.1092075
SRR3088251,R882,genebody,0.11774218
SRR3088251,R882,sine,0.123359986
SRR3088251,R882,line,0.12024659
SRR3088251,R882,ltr,0.114549756
SRR3088251,R882,bivalent_domain,0.07614173
SRR3088251,R882,bivalent_promoter,0.057828266
SRR3088251,R882,nonbivalent_promoter,0.015435282
SRR3088251,R882,bivalent_promoter_bivslop1000,0.056725457
SRR3088251,R882,nonbivalent_promoter_bivslop1000,0.015263698
SRR3088253,Other,cgi,0.03716732
SRR3088253,Other,cpg_shore,0.09108707
SRR3088253,Other,cpg_shelf,0.11372378
SRR3088253,Other,promoter,0.02860168
SRR3088253,Other,methylation_canyon,0.040963065
SRR3088253,Other,exon,0.08658016
SRR3088253,Other,genebody,0.09476911
SRR3088253,Other,sine,0.10383682
SRR3088253,Other,line,0.10156087
SRR3088253,Other,ltr,0.104558684
SRR3088253,Other,bivalent_domain,0.078307465
SRR3088253,Other,bivalent_promoter,0.057928827
SRR3088253,Other,nonbivalent_promoter,0.014035356
SRR3088253,Other,bivalent_promoter_bivslop1000,0.05669138
SRR3088253,Other,nonbivalent_promoter_bivslop1000,0.013888935
SRR3088256,Other,cgi,0.036686216
SRR3088256,Other,cpg_shore,0.09392559
SRR3088256,Other,cpg_shelf,0.11969117
SRR3088256,Other,promoter,0.0284728
SRR3088256,Other,methylation_canyon,0.03965556
SRR3088256,Other,exon,0.09249135
SRR3088256,Other,genebody,0.1002933
SRR3088256,Other,sine,0.11159306
SRR3088256,Other,line,0.10709736
SRR3088256,Other,ltr,0.10951401
SRR3088256,Other,bivalent_domain,0.0762519
SRR3088256,Other,bivalent_promoter,0.056794316
SRR3088256,Other,nonbivalent_promoter,0.014587062
SRR3088256,Other,bivalent_promoter_bivslop1000,0.055577923
SRR3088256,Other,nonbivalent_promoter_bivslop1000,0.01444236
SRR3088258,WT,cgi,0.03769287
SRR3088258,WT,cpg_shore,0.09776628
SRR3088258,WT,cpg_shelf,0.12442718
SRR3088258,WT,promoter,0.028957047
SRR3088258,WT,methylation_canyon,0.047213357
SRR3088258,WT,exon,0.09219755
SRR3088258,WT,genebody,0.10152247
SRR3088258,WT,sine,0.10794062
SRR3088258,WT,line,0.10314129
SRR3088258,WT,ltr,0.10058182
SRR3088258,WT,bivalent_domain,0.082848325
SRR3088258,WT,bivalent_promoter,0.059842926
SRR3088258,WT,nonbivalent_promoter,0.013718144
SRR3088258,WT,bivalent_promoter_bivslop1000,0.05861532
SRR3088258,WT,nonbivalent_promoter_bivslop1000,0.013536921
SRR3088261,WT,cgi,0.03432357
SRR3088261,WT,cpg_shore,0.09984437
SRR3088261,WT,cpg_shelf,0.13087244
SRR3088261,WT,promoter,0.026717473
SRR3088261,WT,methylation_canyon,0.036639556
SRR3088261,WT,exon,0.10098712
SRR3088261,WT,genebody,0.11140126
SRR3088261,WT,sine,0.12325975
SRR3088261,WT,line,0.115301624
SRR3088261,WT,ltr,0.11560852
SRR3088261,WT,bivalent_domain,0.06635862
SRR3088261,WT,bivalent_promoter,0.049398176
SRR3088261,WT,nonbivalent_promoter,0.015596908
SRR3088261,WT,bivalent_promoter_bivslop1000,0.048577055
SRR3088261,WT,nonbivalent_promoter_bivslop1000,0.015434326
SRR3088263,WT,cgi,0.039255235
SRR3088263,WT,cpg_shore,0.09213079
SRR3088263,WT,cpg_shelf,0.11862625
SRR3088263,WT,promoter,0.031033263
SRR3088263,WT,methylation_canyon,0.047142953
SRR3088263,WT,exon,0.08996998
SRR3088263,WT,genebody,0.098380595
SRR3088263,WT,sine,0.103122234
SRR3088263,WT,line,0.097015515
SRR3088263,WT,ltr,0.097725525
SRR3088263,WT,bivalent_domain,0.08678688
SRR3088263,WT,bivalent_promoter,0.065835245
SRR3088263,WT,nonbivalent_promoter,0.014180079
SRR3088263,WT,bivalent_promoter_bivslop1000,0.06448662
SRR3088263,WT,nonbivalent_promoter_bivslop1000,0.013894891
SRR3088266,WT,cgi,0.03559541
SRR3088266,WT,cpg_shore,0.092806645
SRR3088266,WT,cpg_shelf,0.12284546
SRR3088266,WT,promoter,0.02795909
SRR3088266,WT,methylation_canyon,0.04258909
SRR3088266,WT,exon,0.093661815
SRR3088266,WT,genebody,0.10207781
SRR3088266,WT,sine,0.106575295
SRR3088266,WT,line,0.10261775
SRR3088266,WT,ltr,0.100624755
SRR3088266,WT,bivalent_domain,0.07697931
SRR3088266,WT,bivalent_promoter,0.05751391
SRR3088266,WT,nonbivalent_promoter,0.013831663
SRR3088266,WT,bivalent_promoter_bivslop1000,0.056355685
SRR3088266,WT,nonbivalent_promoter_bivslop1000,0.013626104
SRR3088268,WT,cgi,0.035663117
SRR3088268,WT,cpg_shore,0.09230435
SRR3088268,WT,cpg_shelf,0.12122825
SRR3088268,WT,promoter,0.027974533
SRR3088268,WT,methylation_canyon,0.03980197
SRR3088268,WT,exon,0.093392774
SRR3088268,WT,genebody,0.10121073
SRR3088268,WT,sine,0.10633389
SRR3088268,WT,line,0.10233275
SRR3088268,WT,ltr,0.10303467
SRR3088268,WT,bivalent_domain,0.0753741
SRR3088268,WT,bivalent_promoter,0.056913998
SRR3088268,WT,nonbivalent_promoter,0.013761059
SRR3088268,WT,bivalent_promoter_bivslop1000,0.055881698
SRR3088268,WT,nonbivalent_promoter_bivslop1000,0.013550533
SRR3088271,WT,cgi,0.04251466
SRR3088271,WT,cpg_shore,0.09728302
SRR3088271,WT,cpg_shelf,0.12402935
SRR3088271,WT,promoter,0.034118194
SRR3088271,WT,methylation_canyon,0.0508135
SRR3088271,WT,exon,0.09499207
SRR3088271,WT,genebody,0.10351356
SRR3088271,WT,sine,0.10926112
SRR3088271,WT,line,0.10552856
SRR3088271,WT,ltr,0.10472567
SRR3088271,WT,bivalent_domain,0.09556582
SRR3088271,WT,bivalent_promoter,0.07325272
SRR3088271,WT,nonbivalent_promoter,0.015415992
SRR3088271,WT,bivalent_promoter_bivslop1000,0.07170989
SRR3088271,WT,nonbivalent_promoter_bivslop1000,0.015090437
SRR3088273,WT,cgi,0.034837395
SRR3088273,WT,cpg_shore,0.09621906
SRR3088273,WT,cpg_shelf,0.13085508
SRR3088273,WT,promoter,0.02696182
SRR3088273,WT,methylation_canyon,0.04099128
SRR3088273,WT,exon,0.09842577
SRR3088273,WT,genebody,0.10595065
SRR3088273,WT,sine,0.112737775
SRR3088273,WT,line,0.10895024
SRR3088273,WT,ltr,0.10557137
SRR3088273,WT,bivalent_domain,0.07307856
SRR3088273,WT,bivalent_promoter,0.053510346
SRR3088273,WT,nonbivalent_promoter,0.013769007
SRR3088273,WT,bivalent_promoter_bivslop1000,0.052453265
SRR3088273,WT,nonbivalent_promoter_bivslop1000,0.013642769
SRR3088276,WT,cgi,0.04487085
SRR3088276,WT,cpg_shore,0.10188318
SRR3088276,WT,cpg_shelf,0.13745879
SRR3088276,WT,promoter,0.03537876
SRR3088276,WT,methylation_canyon,0.05792936
SRR3088276,WT,exon,0.10244691
SRR3088276,WT,genebody,0.108950116
SRR3088276,WT,sine,0.10965591
SRR3088276,WT,line,0.1100209
SRR3088276,WT,ltr,0.10339903
SRR3088276,WT,bivalent_domain,0.10513258
SRR3088276,WT,bivalent_promoter,0.07833991
SRR3088276,WT,nonbivalent_promoter,0.014703753
SRR3088276,WT,bivalent_promoter_bivslop1000,0.07655125
SRR3088276,WT,nonbivalent_promoter_bivslop1000,0.014414517
SRR3088278,WT,cgi,0.039328173
SRR3088278,WT,cpg_shore,0.08995859
SRR3088278,WT,cpg_shelf,0.11365992
SRR3088278,WT,promoter,0.031256154
SRR3088278,WT,methylation_canyon,0.046321813
SRR3088278,WT,exon,0.08496924
SRR3088278,WT,genebody,0.094797365
SRR3088278,WT,sine,0.10559981
SRR3088278,WT,line,0.10138852
SRR3088278,WT,ltr,0.10214484
SRR3088278,WT,bivalent_domain,0.086101405
SRR3088278,WT,bivalent_promoter,0.06613516
SRR3088278,WT,nonbivalent_promoter,0.014368641
SRR3088278,WT,bivalent_promoter_bivslop1000,0.064763755
SRR3088278,WT,nonbivalent_promoter_bivslop1000,0.014112783
SRR3088281,Other,cgi,0.03708528
SRR3088281,Other,cpg_shore,0.09787028
SRR3088281,Other,cpg_shelf,0.12892906
SRR3088281,Other,promoter,0.029076295
SRR3088281,Other,methylation_canyon,0.041475512
SRR3088281,Other,exon,0.09864246
SRR3088281,Other,genebody,0.1087741
SRR3088281,Other,sine,0.11987507
SRR3088281,Other,line,0.11226662
SRR3088281,Other,ltr,0.11492764
SRR3088281,Other,bivalent_domain,0.075676076
SRR3088281,Other,bivalent_promoter,0.056870922
SRR3088281,Other,nonbivalent_promoter,0.015536584
SRR3088281,Other,bivalent_promoter_bivslop1000,0.055884715
SRR3088281,Other,nonbivalent_promoter_bivslop1000,0.015320019
SRR3088283,WT,cgi,0.043455727
SRR3088283,WT,cpg_shore,0.09739826
SRR3088283,WT,cpg_shelf,0.12231082
SRR3088283,WT,promoter,0.034269065
SRR3088283,WT,methylation_canyon,0.050917115
SRR3088283,WT,exon,0.089782126
SRR3088283,WT,genebody,0.098537646
SRR3088283,WT,sine,0.103139475
SRR3088283,WT,line,0.102343075
SRR3088283,WT,ltr,0.09938895
SRR3088283,WT,bivalent_domain,0.09698679
SRR3088283,WT,bivalent_promoter,0.07250132
SRR3088283,WT,nonbivalent_promoter,0.016080985
SRR3088283,WT,bivalent_promoter_bivslop1000,0.07097642
SRR3088283,WT,nonbivalent_promoter_bivslop1000,0.015770823
SRR3088286,WT,cgi,0.04250291
SRR3088286,WT,cpg_shore,0.09458204
SRR3088286,WT,cpg_shelf,0.12033754
SRR3088286,WT,promoter,0.033888467
SRR3088286,WT,methylation_canyon,0.049638934
SRR3088286,WT,exon,0.0905486
SRR3088286,WT,genebody,0.09871876
SRR3088286,WT,sine,0.106476024
SRR3088286,WT,line,0.10112137
SRR3088286,WT,ltr,0.09911466
SRR3088286,WT,bivalent_domain,0.098138385
SRR3088286,WT,bivalent_promoter,0.07418664
SRR3088286,WT,nonbivalent_promoter,0.014817685
SRR3088286,WT,bivalent_promoter_bivslop1000,0.072540514
SRR3088286,WT,nonbivalent_promoter_bivslop1000,0.014508525
SRR3088288,WT,cgi,0.037688036
SRR3088288,WT,cpg_shore,0.0918703
SRR3088288,WT,cpg_shelf,0.11597863
SRR3088288,WT,promoter,0.029486533
SRR3088288,WT,methylation_canyon,0.04309289
SRR3088288,WT,exon,0.08791812
SRR3088288,WT,genebody,0.09589666
SRR3088288,WT,sine,0.09955031
SRR3088288,WT,line,0.09978083
SRR3088288,WT,ltr,0.094389305
SRR3088288,WT,bivalent_domain,0.07926147
SRR3088288,WT,bivalent_promoter,0.059679255
SRR3088288,WT,nonbivalent_promoter,0.0148307085
SRR3088288,WT,bivalent_promoter_bivslop1000,0.05843316
SRR3088288,WT,nonbivalent_promoter_bivslop1000,0.0146296555
SRR3088291,WT,cgi,0.04305518
SRR3088291,WT,cpg_shore,0.095880434
SRR3088291,WT,cpg_shelf,0.122173525
SRR3088291,WT,promoter,0.034854405
SRR3088291,WT,methylation_canyon,0.05155709
SRR3088291,WT,exon,0.093195885
SRR3088291,WT,genebody,0.102109745
SRR3088291,WT,sine,0.1077444
SRR3088291,WT,line,0.10191207
SRR3088291,WT,ltr,0.10109817
SRR3088291,WT,bivalent_domain,0.09749955
SRR3088291,WT,bivalent_promoter,0.075265266
SRR3088291,WT,nonbivalent_promoter,0.0157008
SRR3088291,WT,bivalent_promoter_bivslop1000,0.07363126
SRR3088291,WT,nonbivalent_promoter_bivslop1000,0.015352764
SRR3088293,WT,cgi,0.031914324
SRR3088293,WT,cpg_shore,0.08639518
SRR3088293,WT,cpg_shelf,0.11149636
SRR3088293,WT,promoter,0.024962768
SRR3088293,WT,methylation_canyon,0.03687176
SRR3088293,WT,exon,0.086782835
SRR3088293,WT,genebody,0.0936503
SRR3088293,WT,sine,0.099643216
SRR3088293,WT,line,0.09704012
SRR3088293,WT,ltr,0.095022365
SRR3088293,WT,bivalent_domain,0.06667552
SRR3088293,WT,bivalent_promoter,0.050324973
SRR3088293,WT,nonbivalent_promoter,0.012660155
SRR3088293,WT,bivalent_promoter_bivslop1000,0.049306337
SRR3088293,WT,nonbivalent_promoter_bivslop1000,0.012518857
SRR3088296,Other,cgi,0.031078672
SRR3088296,Other,cpg_shore,0.08639232
SRR3088296,Other,cpg_shelf,0.115774155
SRR3088296,Other,promoter,0.024279067
SRR3088296,Other,methylation_canyon,0.035407275
SRR3088296,Other,exon,0.088018164
SRR3088296,Other,genebody,0.09633792
SRR3088296,Other,sine,0.105461024
SRR3088296,Other,line,0.099171035
SRR3088296,Other,ltr,0.098451786
SRR3088296,Other,bivalent_domain,0.06506395
SRR3088296,Other,bivalent_promoter,0.048914272
SRR3088296,Other,nonbivalent_promoter,0.0121673
SRR3088296,Other,bivalent_promoter_bivslop1000,0.0479036
SRR3088296,Other,nonbivalent_promoter_bivslop1000,0.012049837
SRR3088298,WT,cgi,0.050483216
SRR3088298,WT,cpg_shore,0.10389609
SRR3088298,WT,cpg_shelf,0.13002945
SRR3088298,WT,promoter,0.04017826
SRR3088298,WT,methylation_canyon,0.07126057
SRR3088298,WT,exon,0.094621554
SRR3088298,WT,genebody,0.10259931
SRR3088298,WT,sine,0.10354871
SRR3088298,WT,line,0.10854632
SRR3088298,WT,ltr,0.09807505
SRR3088298,WT,bivalent_domain,0.12034312
SRR3088298,WT,bivalent_promoter,0.08881804
SRR3088298,WT,nonbivalent_promoter,0.01725166
SRR3088298,WT,bivalent_promoter_bivslop1000,0.086726665
SRR3088298,WT,nonbivalent_promoter_bivslop1000,0.016919043
SRR3088301,WT,cgi,0.0445065
SRR3088301,WT,cpg_shore,0.10272471
SRR3088301,WT,cpg_shelf,0.13287866
SRR3088301,WT,promoter,0.03659953
SRR3088301,WT,methylation_canyon,0.057886943
SRR3088301,WT,exon,0.10240713
SRR3088301,WT,genebody,0.111769475
SRR3088301,WT,sine,0.12233285
SRR3088301,WT,line,0.11598076
SRR3088301,WT,ltr,0.11465485
SRR3088301,WT,bivalent_domain,0.10741242
SRR3088301,WT,bivalent_promoter,0.081591144
SRR3088301,WT,nonbivalent_promoter,0.015979502
SRR3088301,WT,bivalent_promoter_bivslop1000,0.07976034
SRR3088301,WT,nonbivalent_promoter_bivslop1000,0.015572116
SRR3088303,WT,cgi,0.03272694
SRR3088303,WT,cpg_shore,0.09701378
SRR3088303,WT,cpg_shelf,0.1335714
SRR3088303,WT,promoter,0.024906008
SRR3088303,WT,methylation_canyon,0.041327406
SRR3088303,WT,exon,0.09946995
SRR3088303,WT,genebody,0.108422816
SRR3088303,WT,sine,0.11933035
SRR3088303,WT,line,0.1088592
SRR3088303,WT,ltr,0.109265424
SRR3088303,WT,bivalent_domain,0.06969326
SRR3088303,WT,bivalent_promoter,0.04923509
SRR3088303,WT,nonbivalent_promoter,0.012832436
SRR3088303,WT,bivalent_promoter_bivslop1000,0.048263215
SRR3088303,WT,nonbivalent_promoter_bivslop1000,0.012773393
SRR3088306,WT,cgi,0.040425822
SRR3088306,WT,cpg_shore,0.097093135
SRR3088306,WT,cpg_shelf,0.12812674
SRR3088306,WT,promoter,0.030586172
SRR3088306,WT,methylation_canyon,0.055204567
SRR3088306,WT,exon,0.09283478
SRR3088306,WT,genebody,0.10393904
SRR3088306,WT,sine,0.116278976
SRR3088306,WT,line,0.10838179
SRR3088306,WT,ltr,0.107835494
SRR3088306,WT,bivalent_domain,0.09586537
SRR3088306,WT,bivalent_promoter,0.06744417
SRR3088306,WT,nonbivalent_promoter,0.012561666
SRR3088306,WT,bivalent_promoter_bivslop1000,0.065924264
SRR3088306,WT,nonbivalent_promoter_bivslop1000,0.01236666
SRR3088308,WT,cgi,0.028319716
SRR3088308,WT,cpg_shore,0.096342355
SRR3088308,WT,cpg_shelf,0.13152878
SRR3088308,WT,promoter,0.02144725
SRR3088308,WT,methylation_canyon,0.030492924
SRR3088308,WT,exon,0.101221606
SRR3088308,WT,genebody,0.11201337
SRR3088308,WT,sine,0.1309939
SRR3088308,WT,line,0.113060966
SRR3088308,WT,ltr,0.12038628
SRR3088308,WT,bivalent_domain,0.05335879
SRR3088308,WT,bivalent_promoter,0.037493713
SRR3088308,WT,nonbivalent_promoter,0.0134303365
SRR3088308,WT,bivalent_promoter_bivslop1000,0.03698695
SRR3088308,WT,nonbivalent_promoter_bivslop1000,0.01334983
SRR3088311,WT,cgi,0.034480914
SRR3088311,WT,cpg_shore,0.08994974
SRR3088311,WT,cpg_shelf,0.11479194
SRR3088311,WT,promoter,0.02563624
SRR3088311,WT,methylation_canyon,0.04651443
SRR3088311,WT,exon,0.08124343
SRR3088311,WT,genebody,0.09093365
SRR3088311,WT,sine,0.099102095
SRR3088311,WT,line,0.090139635
SRR3088311,WT,ltr,0.088306986
SRR3088311,WT,bivalent_domain,0.07734863
SRR3088311,WT,bivalent_promoter,0.053368792
SRR3088311,WT,nonbivalent_promoter,0.0117592765
SRR3088311,WT,bivalent_promoter_bivslop1000,0.052314397
SRR3088311,WT,nonbivalent_promoter_bivslop1000,0.011557437
SRR3088313,WT,cgi,0.038970243
SRR3088313,WT,cpg_shore,0.09716847
SRR3088313,WT,cpg_shelf,0.12676756
SRR3088313,WT,promoter,0.029914634
SRR3088313,WT,methylation_canyon,0.044404782
SRR3088313,WT,exon,0.09625905
SRR3088313,WT,genebody,0.106761366
SRR3088313,WT,sine,0.119701065
SRR3088313,WT,line,0.10925912
SRR3088313,WT,ltr,0.11601586
SRR3088313,WT,bivalent_domain,0.0836164
SRR3088313,WT,bivalent_promoter,0.061549127
SRR3088313,WT,nonbivalent_promoter,0.014159036
SRR3088313,WT,bivalent_promoter_bivslop1000,0.060292024
SRR3088313,WT,nonbivalent_promoter_bivslop1000,0.013984368
SRR3088316,WT,cgi,0.04855776
SRR3088316,WT,cpg_shore,0.10066181
SRR3088316,WT,cpg_shelf,0.12566707
SRR3088316,WT,promoter,0.037983283
SRR3088316,WT,methylation_canyon,0.059495825
SRR3088316,WT,exon,0.0951815
SRR3088316,WT,genebody,0.10503106
SRR3088316,WT,sine,0.11432955
SRR3088316,WT,line,0.10694656
SRR3088316,WT,ltr,0.10999168
SRR3088316,WT,bivalent_domain,0.114518166
SRR3088316,WT,bivalent_promoter,0.085368246
SRR3088316,WT,nonbivalent_promoter,0.014903789
SRR3088316,WT,bivalent_promoter_bivslop1000,0.08338632
SRR3088316,WT,nonbivalent_promoter_bivslop1000,0.014586596
SRR3088318,WT,cgi,0.05054998
SRR3088318,WT,cpg_shore,0.090205885
SRR3088318,WT,cpg_shelf,0.10652388
SRR3088318,WT,promoter,0.04029023
SRR3088318,WT,methylation_canyon,0.06250582
SRR3088318,WT,exon,0.081821844
SRR3088318,WT,genebody,0.08949441
SRR3088318,WT,sine,0.09512621
SRR3088318,WT,line,0.089005664
SRR3088318,WT,ltr,0.092908606
SRR3088318,WT,bivalent_domain,0.12167916
SRR3088318,WT,bivalent_promoter,0.09288987
SRR3088318,WT,nonbivalent_promoter,0.014656515
SRR3088318,WT,bivalent_promoter_bivslop1000,0.09058543
SRR3088318,WT,nonbivalent_promoter_bivslop1000,0.014307558
SRR3088321,Other,cgi,0.05626156
SRR3088321,Other,cpg_shore,0.08931948
SRR3088321,Other,cpg_shelf,0.10236636
SRR3088321,Other,promoter,0.045298412
SRR3088321,Other,methylation_canyon,0.071990915
SRR3088321,Other,exon,0.08012852
SRR3088321,Other,genebody,0.086469404
SRR3088321,Other,sine,0.09176032
SRR3088321,Other,line,0.08309611
SRR3088321,Other,ltr,0.08836142
SRR3088321,Other,bivalent_domain,0.14247511
SRR3088321,Other,bivalent_promoter,0.109244786
SRR3088321,Other,nonbivalent_promoter,0.01487255
SRR3088321,Other,bivalent_promoter_bivslop1000,0.10651206
SRR3088321,Other,nonbivalent_promoter_bivslop1000,0.014351173
SRR3088323,R882,cgi,0.03170762
SRR3088323,R882,cpg_shore,0.088758774
SRR3088323,R882,cpg_shelf,0.11378232
SRR3088323,R882,promoter,0.024186341
SRR3088323,R882,methylation_canyon,0.032949284
SRR3088323,R882,exon,0.08681755
SRR3088323,R882,genebody,0.09457813
SRR3088323,R882,sine,0.10098693
SRR3088323,R882,line,0.09744212
SRR3088323,R882,ltr,0.100216076
SRR3088323,R882,bivalent_domain,0.062480092
SRR3088323,R882,bivalent_promoter,0.045275725
SRR3088323,R882,nonbivalent_promoter,0.013833946
SRR3088323,R882,bivalent_promoter_bivslop1000,0.044552214
SRR3088323,R882,nonbivalent_promoter_bivslop1000,0.013695917
SRR3088327,R882,cgi,0.040854808
SRR3088327,R882,cpg_shore,0.09212322
SRR3088327,R882,cpg_shelf,0.11671095
SRR3088327,R882,promoter,0.031334154
SRR3088327,R882,methylation_canyon,0.045211077
SRR3088327,R882,exon,0.08807232
SRR3088327,R882,genebody,0.096958466
SRR3088327,R882,sine,0.10684712
SRR3088327,R882,line,0.09870393
SRR3088327,R882,ltr,0.10583667
SRR3088327,R882,bivalent_domain,0.08814934
SRR3088327,R882,bivalent_promoter,0.06407763
SRR3088327,R882,nonbivalent_promoter,0.014912828
SRR3088327,R882,bivalent_promoter_bivslop1000,0.06272485
SRR3088327,R882,nonbivalent_promoter_bivslop1000,0.014697352
SRR3088330,WT,cgi,0.05869262
SRR3088330,WT,cpg_shore,0.0939454
SRR3088330,WT,cpg_shelf,0.10798125
SRR3088330,WT,promoter,0.04818773
SRR3088330,WT,methylation_canyon,0.076857544
SRR3088330,WT,exon,0.08001536
SRR3088330,WT,genebody,0.0869688
SRR3088330,WT,sine,0.08735754
SRR3088330,WT,line,0.07973533
SRR3088330,WT,ltr,0.08150214
SRR3088330,WT,bivalent_domain,0.1635292
SRR3088330,WT,bivalent_promoter,0.123478904
SRR3088330,WT,nonbivalent_promoter,0.01559517
SRR3088330,WT,bivalent_promoter_bivslop1000,0.12046871
SRR3088330,WT,nonbivalent_promoter_bivslop1000,0.014821867
SRR3088333,WT,cgi,0.056655858
SRR3088333,WT,cpg_shore,0.0899966
SRR3088333,WT,cpg_shelf,0.10459473
SRR3088333,WT,promoter,0.047375213
SRR3088333,WT,methylation_canyon,0.07325143
SRR3088333,WT,exon,0.07685981
SRR3088333,WT,genebody,0.084264904
SRR3088333,WT,sine,0.0844505
SRR3088333,WT,line,0.07633818
SRR3088333,WT,ltr,0.078166425
SRR3088333,WT,bivalent_domain,0.15622698
SRR3088333,WT,bivalent_promoter,0.12037596
SRR3088333,WT,nonbivalent_promoter,0.015810033
SRR3088333,WT,bivalent_promoter_bivslop1000,0.11731359
SRR3088333,WT,nonbivalent_promoter_bivslop1000,0.014981758
SRR3088335,R882,cgi,0.03395093
SRR3088335,R882,cpg_shore,0.09189577
SRR3088335,R882,cpg_shelf,0.12076524
SRR3088335,R882,promoter,0.025905598
SRR3088335,R882,methylation_canyon,0.032906763
SRR3088335,R882,exon,0.093648784
SRR3088335,R882,genebody,0.10254258
SRR3088335,R882,sine,0.118488565
SRR3088335,R882,line,0.102075316
SRR3088335,R882,ltr,0.11490013
SRR3088335,R882,bivalent_domain,0.065048695
SRR3088335,R882,bivalent_promoter,0.048268717
SRR3088335,R882,nonbivalent_promoter,0.01443999
SRR3088335,R882,bivalent_promoter_bivslop1000,0.047361948
SRR3088335,R882,nonbivalent_promoter_bivslop1000,0.014318057
SRR3088338,R882,cgi,0.047166605
SRR3088338,R882,cpg_shore,0.10158399
SRR3088338,R882,cpg_shelf,0.11618226
SRR3088338,R882,promoter,0.036894828
SRR3088338,R882,methylation_canyon,0.053027067
SRR3088338,R882,exon,0.090121575
SRR3088338,R882,genebody,0.09761698
SRR3088338,R882,sine,0.10382138
SRR3088338,R882,line,0.101280525
SRR3088338,R882,ltr,0.104335465
SRR3088338,R882,bivalent_domain,0.103900395
SRR3088338,R882,bivalent_promoter,0.077368826
SRR3088338,R882,nonbivalent_promoter,0.017311942
SRR3088338,R882,bivalent_promoter_bivslop1000,0.0756429
SRR3088338,R882,nonbivalent_promoter_bivslop1000,0.017054835
SRR3088340,Other,cgi,0.03233577
SRR3088340,Other,cpg_shore,0.09160598
SRR3088340,Other,cpg_shelf,0.123206496
SRR3088340,Other,promoter,0.025146209
SRR3088340,Other,methylation_canyon,0.03690835
SRR3088340,Other,exon,0.09400446
SRR3088340,Other,genebody,0.10170028
SRR3088340,Other,sine,0.108263396
SRR3088340,Other,line,0.105477035
SRR3088340,Other,ltr,0.10457832
SRR3088340,Other,bivalent_domain,0.068191424
SRR3088340,Other,bivalent_promoter,0.05074608
SRR3088340,Other,nonbivalent_promoter,0.012565934
SRR3088340,Other,bivalent_promoter_bivslop1000,0.049726527
SRR3088340,Other,nonbivalent_promoter_bivslop1000,0.012429312
SRR3088343,R882,cgi,0.039903622
SRR3088343,R882,cpg_shore,0.093603835
SRR3088343,R882,cpg_shelf,0.12126272
SRR3088343,R882,promoter,0.0317858
SRR3088343,R882,methylation_canyon,0.048145298
SRR3088343,R882,exon,0.092428595
SRR3088343,R882,genebody,0.09999766
SRR3088343,R882,sine,0.10451514
SRR3088343,R882,line,0.10021012
SRR3088343,R882,ltr,0.1002942
SRR3088343,R882,bivalent_domain,0.09082998
SRR3088343,R882,bivalent_promoter,0.06847322
SRR3088343,R882,nonbivalent_promoter,0.0136570195
SRR3088343,R882,bivalent_promoter_bivslop1000,0.06699107
SRR3088343,R882,nonbivalent_promoter_bivslop1000,0.013417995
SRR3088349,R882,cgi,0.05420782
SRR3088349,R882,cpg_shore,0.096488655
SRR3088349,R882,cpg_shelf,0.11666984
SRR3088349,R882,promoter,0.04429763
SRR3088349,R882,methylation_canyon,0.0654271
SRR3088349,R882,exon,0.08896566
SRR3088349,R882,genebody,0.09620124
SRR3088349,R882,sine,0.09888952
SRR3088349,R882,line,0.10053288
SRR3088349,R882,ltr,0.098732375
SRR3088349,R882,bivalent_domain,0.13135844
SRR3088349,R882,bivalent_promoter,0.102392204
SRR3088349,R882,nonbivalent_promoter,0.016522588
SRR3088349,R882,bivalent_promoter_bivslop1000,0.099948086
SRR3088349,R882,nonbivalent_promoter_bivslop1000,0.016002746
SRR3088353,R882,cgi,0.052884553
SRR3088353,R882,cpg_shore,0.0956008
SRR3088353,R882,cpg_shelf,0.12034735
SRR3088353,R882,promoter,0.043693032
SRR3088353,R882,methylation_canyon,0.06268701
SRR3088353,R882,exon,0.091410235
SRR3088353,R882,genebody,0.10065563
SRR3088353,R882,sine,0.10787242
SRR3088353,R882,line,0.100365266
SRR3088353,R882,ltr,0.102437705
SRR3088353,R882,bivalent_domain,0.12606373
SRR3088353,R882,bivalent_promoter,0.09935258
SRR3088353,R882,nonbivalent_promoter,0.017154405
SRR3088353,R882,bivalent_promoter_bivslop1000,0.09685272
SRR3088353,R882,nonbivalent_promoter_bivslop1000,0.01666555
SRR3088356,WT,cgi,0.040316362
SRR3088356,WT,cpg_shore,0.11128956
SRR3088356,WT,cpg_shelf,0.14882198
SRR3088356,WT,promoter,0.031444192
SRR3088356,WT,methylation_canyon,0.051075097
SRR3088356,WT,exon,0.11241999
SRR3088356,WT,genebody,0.12078842
SRR3088356,WT,sine,0.12536006
SRR3088356,WT,line,0.1259863
SRR3088356,WT,ltr,0.112661414
SRR3088356,WT,bivalent_domain,0.087264046
SRR3088356,WT,bivalent_promoter,0.062681444
SRR3088356,WT,nonbivalent_promoter,0.016155627
SRR3088356,WT,bivalent_promoter_bivslop1000,0.06144278
SRR3088356,WT,nonbivalent_promoter_bivslop1000,0.015961817
SRR3088360,WT,cgi,0.06807136
SRR3088360,WT,cpg_shore,0.11112167
SRR3088360,WT,cpg_shelf,0.12390009
SRR3088360,WT,promoter,0.05574188
SRR3088360,WT,methylation_canyon,0.08790231
SRR3088360,WT,exon,0.093851775
SRR3088360,WT,genebody,0.102340385
SRR3088360,WT,sine,0.104839735
SRR3088360,WT,line,0.10736879
SRR3088360,WT,ltr,0.10328274
SRR3088360,WT,bivalent_domain,0.16679361
SRR3088360,WT,bivalent_promoter,0.12812646
SRR3088360,WT,nonbivalent_promoter,0.021730853
SRR3088360,WT,bivalent_promoter_bivslop1000,0.12506579
SRR3088360,WT,nonbivalent_promoter_bivslop1000,0.021145292
SRR3088363,WT,cgi,0.05708667
SRR3088363,WT,cpg_shore,0.10755603
SRR3088363,WT,cpg_shelf,0.13169046
SRR3088363,WT,promoter,0.04621325
SRR3088363,WT,methylation_canyon,0.0768671
SRR3088363,WT,exon,0.10078977
SRR3088363,WT,genebody,0.10915632
SRR3088363,WT,sine,0.114096
SRR3088363,WT,line,0.109141625
SRR3088363,WT,ltr,0.10250101
SRR3088363,WT,bivalent_domain,0.14181383
SRR3088363,WT,bivalent_promoter,0.10910352
SRR3088363,WT,nonbivalent_promoter,0.016466562
SRR3088363,WT,bivalent_promoter_bivslop1000,0.106504366
SRR3088363,WT,nonbivalent_promoter_bivslop1000,0.015946275
SRR3088366,WT,cgi,0.058380216
SRR3088366,WT,cpg_shore,0.10102368
SRR3088366,WT,cpg_shelf,0.11866012
SRR3088366,WT,promoter,0.04808039
SRR3088366,WT,methylation_canyon,0.07984878
SRR3088366,WT,exon,0.08979255
SRR3088366,WT,genebody,0.097584575
SRR3088366,WT,sine,0.098818004
SRR3088366,WT,line,0.09682653
SRR3088366,WT,ltr,0.08883433
SRR3088366,WT,bivalent_domain,0.14984572
SRR3088366,WT,bivalent_promoter,0.11619489
SRR3088366,WT,nonbivalent_promoter,0.016829628
SRR3088366,WT,bivalent_promoter_bivslop1000,0.11347911
SRR3088366,WT,nonbivalent_promoter_bivslop1000,0.016161976
SRR3088368,WT,cgi,0.054078702
SRR3088368,WT,cpg_shore,0.104838565
SRR3088368,WT,cpg_shelf,0.13006721
SRR3088368,WT,promoter,0.044025365
SRR3088368,WT,methylation_canyon,0.073837705
SRR3088368,WT,exon,0.09774475
SRR3088368,WT,genebody,0.10594983
SRR3088368,WT,sine,0.10853472
SRR3088368,WT,line,0.11191538
SRR3088368,WT,ltr,0.10230296
SRR3088368,WT,bivalent_domain,0.14103085
SRR3088368,WT,bivalent_promoter,0.10589052
SRR3088368,WT,nonbivalent_promoter,0.015637595
SRR3088368,WT,bivalent_promoter_bivslop1000,0.10314822
SRR3088368,WT,nonbivalent_promoter_bivslop1000,0.015237486
SRR3088371,WT,cgi,0.05286061
SRR3088371,WT,cpg_shore,0.101774536
SRR3088371,WT,cpg_shelf,0.12498382
SRR3088371,WT,promoter,0.043393023
SRR3088371,WT,methylation_canyon,0.071436055
SRR3088371,WT,exon,0.09589665
SRR3088371,WT,genebody,0.103131406
SRR3088371,WT,sine,0.10551317
SRR3088371,WT,line,0.10581738
SRR3088371,WT,ltr,0.095817335
SRR3088371,WT,bivalent_domain,0.13899818
SRR3088371,WT,bivalent_promoter,0.10525234
SRR3088371,WT,nonbivalent_promoter,0.015507266
SRR3088371,WT,bivalent_promoter_bivslop1000,0.10240789
SRR3088371,WT,nonbivalent_promoter_bivslop1000,0.015120417
SRR3088375,WT,cgi,0.051458567
SRR3088375,WT,cpg_shore,0.10603585
SRR3088375,WT,cpg_shelf,0.13264818
SRR3088375,WT,promoter,0.040975194
SRR3088375,WT,methylation_canyon,0.0652365
SRR3088375,WT,exon,0.10258201
SRR3088375,WT,genebody,0.109683104
SRR3088375,WT,sine,0.11192128
SRR3088375,WT,line,0.108626395
SRR3088375,WT,ltr,0.10651785
SRR3088375,WT,bivalent_domain,0.1223048
SRR3088375,WT,bivalent_promoter,0.09222968
SRR3088375,WT,nonbivalent_promoter,0.016599145
SRR3088375,WT,bivalent_promoter_bivslop1000,0.090059415
SRR3088375,WT,nonbivalent_promoter_bivslop1000,0.016233277
SRR3088378,WT,cgi,0.053588644
SRR3088378,WT,cpg_shore,0.10485046
SRR3088378,WT,cpg_shelf,0.13007787
SRR3088378,WT,promoter,0.04298069
SRR3088378,WT,methylation_canyon,0.06939631
SRR3088378,WT,exon,0.0998839
SRR3088378,WT,genebody,0.10733796
SRR3088378,WT,sine,0.1083116
SRR3088378,WT,line,0.104872756
SRR3088378,WT,ltr,0.101556554
SRR3088378,WT,bivalent_domain,0.13306837
SRR3088378,WT,bivalent_promoter,0.10021642
SRR3088378,WT,nonbivalent_promoter,0.016239658
SRR3088378,WT,bivalent_promoter_bivslop1000,0.09776386
SRR3088378,WT,nonbivalent_promoter_bivslop1000,0.015882717
SRR3088380,WT,cgi,0.06252758
SRR3088380,WT,cpg_shore,0.11791503
SRR3088380,WT,cpg_shelf,0.1392676
SRR3088380,WT,promoter,0.04962495
SRR3088380,WT,methylation_canyon,0.07196835
SRR3088380,WT,exon,0.10892227
SRR3088380,WT,genebody,0.11984955
SRR3088380,WT,sine,0.1304569
SRR3088380,WT,line,0.12508169
SRR3088380,WT,ltr,0.13309336
SRR3088380,WT,bivalent_domain,0.14141916
SRR3088380,WT,bivalent_promoter,0.10661128
SRR3088380,WT,nonbivalent_promoter,0.022636432
SRR3088380,WT,bivalent_promoter_bivslop1000,0.10424723
SRR3088380,WT,nonbivalent_promoter_bivslop1000,0.022187995
SRR3088383,WT,cgi,0.0744009
SRR3088383,WT,cpg_shore,0.11974774
SRR3088383,WT,cpg_shelf,0.13925382
SRR3088383,WT,promoter,0.060824186
SRR3088383,WT,methylation_canyon,0.092474476
SRR3088383,WT,exon,0.10851901
SRR3088383,WT,genebody,0.12043753
SRR3088383,WT,sine,0.13170423
SRR3088383,WT,line,0.1360273
SRR3088383,WT,ltr,0.14603321
SRR3088383,WT,bivalent_domain,0.18547545
SRR3088383,WT,bivalent_promoter,0.14385803
SRR3088383,WT,nonbivalent_promoter,0.023412103
SRR3088383,WT,bivalent_promoter_bivslop1000,0.14027119
SRR3088383,WT,nonbivalent_promoter_bivslop1000,0.02267738
SRR3088385,WT,cgi,0.0438448
SRR3088385,WT,cpg_shore,0.11101461
SRR3088385,WT,cpg_shelf,0.14412625
SRR3088385,WT,promoter,0.034506362
SRR3088385,WT,methylation_canyon,0.0508996
SRR3088385,WT,exon,0.11334762
SRR3088385,WT,genebody,0.12383939
SRR3088385,WT,sine,0.13992478
SRR3088385,WT,line,0.12871945
SRR3088385,WT,ltr,0.13051882
SRR3088385,WT,bivalent_domain,0.091509946
SRR3088385,WT,bivalent_promoter,0.067958154
SRR3088385,WT,nonbivalent_promoter,0.01837319
SRR3088385,WT,bivalent_promoter_bivslop1000,0.06671582
SRR3088385,WT,nonbivalent_promoter_bivslop1000,0.018142043
SRR3088388,WT,cgi,0.05848409
SRR3088388,WT,cpg_shore,0.121798806
SRR3088388,WT,cpg_shelf,0.1492955
SRR3088388,WT,promoter,0.047650594
SRR3088388,WT,methylation_canyon,0.073330864
SRR3088388,WT,exon,0.11892031
SRR3088388,WT,genebody,0.12888184
SRR3088388,WT,sine,0.13765776
SRR3088388,WT,line,0.13437113
SRR3088388,WT,ltr,0.12365289
SRR3088388,WT,bivalent_domain,0.12620556
SRR3088388,WT,bivalent_promoter,0.095802754
SRR3088388,WT,nonbivalent_promoter,0.024352057
SRR3088388,WT,bivalent_promoter_bivslop1000,0.09384876
SRR3088388,WT,nonbivalent_promoter_bivslop1000,0.024041167
SRR3088390,R882,cgi,0.042998806
SRR3088390,R882,cpg_shore,0.09394147
SRR3088390,R882,cpg_shelf,0.11348659
SRR3088390,R882,promoter,0.033939917
SRR3088390,R882,methylation_canyon,0.048873596
SRR3088390,R882,exon,0.08757489
SRR3088390,R882,genebody,0.094890125
SRR3088390,R882,sine,0.1005745
SRR3088390,R882,line,0.099809356
SRR3088390,R882,ltr,0.10141038
SRR3088390,R882,bivalent_domain,0.09132078
SRR3088390,R882,bivalent_promoter,0.06887531
SRR3088390,R882,nonbivalent_promoter,0.016736826
SRR3088390,R882,bivalent_promoter_bivslop1000,0.06750374
SRR3088390,R882,nonbivalent_promoter_bivslop1000,0.016522106
SRR3088394,R882,cgi,0.052672945
SRR3088394,R882,cpg_shore,0.10152719
SRR3088394,R882,cpg_shelf,0.1253889
SRR3088394,R882,promoter,0.042028718
SRR3088394,R882,methylation_canyon,0.062911816
SRR3088394,R882,exon,0.0954635
SRR3088394,R882,genebody,0.10460582
SRR3088394,R882,sine,0.11484504
SRR3088394,R882,line,0.110358685
SRR3088394,R882,ltr,0.11373204
SRR3088394,R882,bivalent_domain,0.12065367
SRR3088394,R882,bivalent_promoter,0.091871314
SRR3088394,R882,nonbivalent_promoter,0.017492667
SRR3088394,R882,bivalent_promoter_bivslop1000,0.08979155
SRR3088394,R882,nonbivalent_promoter_bivslop1000,0.017174961
SRR3088403,WT,cgi,0.047454845
SRR3088403,WT,cpg_shore,0.10256023
SRR3088403,WT,cpg_shelf,0.11966707
SRR3088403,WT,promoter,0.036964048
SRR3088403,WT,methylation_canyon,0.050264318
SRR3088403,WT,exon,0.08926395
SRR3088403,WT,genebody,0.09917199
SRR3088403,WT,sine,0.107331775
SRR3088403,WT,line,0.10718283
SRR3088403,WT,ltr,0.10294817
SRR3088403,WT,bivalent_domain,0.09603854
SRR3088403,WT,bivalent_promoter,0.07058285
SRR3088403,WT,nonbivalent_promoter,0.020509781
SRR3088403,WT,bivalent_promoter_bivslop1000,0.06913538
SRR3088403,WT,nonbivalent_promoter_bivslop1000,0.020245325
SRR3088406,WT,cgi,0.055025116
SRR3088406,WT,cpg_shore,0.110425726
SRR3088406,WT,cpg_shelf,0.12824903
SRR3088406,WT,promoter,0.04330369
SRR3088406,WT,methylation_canyon,0.061063368
SRR3088406,WT,exon,0.09958721
SRR3088406,WT,genebody,0.109808795
SRR3088406,WT,sine,0.11972799
SRR3088406,WT,line,0.117841944
SRR3088406,WT,ltr,0.11739307
SRR3088406,WT,bivalent_domain,0.11619445
SRR3088406,WT,bivalent_promoter,0.08680164
SRR3088406,WT,nonbivalent_promoter,0.022117928
SRR3088406,WT,bivalent_promoter_bivslop1000,0.08492418
SRR3088406,WT,nonbivalent_promoter_bivslop1000,0.021779938
SRR3088410,WT,cgi,0.038247056
SRR3088410,WT,cpg_shore,0.10000611
SRR3088410,WT,cpg_shelf,0.12693614
SRR3088410,WT,promoter,0.029478092
SRR3088410,WT,methylation_canyon,0.04592461
SRR3088410,WT,exon,0.09567262
SRR3088410,WT,genebody,0.10294915
SRR3088410,WT,sine,0.10456973
SRR3088410,WT,line,0.10201342
SRR3088410,WT,ltr,0.0981451
SRR3088410,WT,bivalent_domain,0.08201327
SRR3088410,WT,bivalent_promoter,0.060319174
SRR3088410,WT,nonbivalent_promoter,0.014188721
SRR3088410,WT,bivalent_promoter_bivslop1000,0.05907539
SRR3088410,WT,nonbivalent_promoter_bivslop1000,0.0140409535
SRR3088413,WT,cgi,0.04223126
SRR3088413,WT,cpg_shore,0.10123634
SRR3088413,WT,cpg_shelf,0.12728229
SRR3088413,WT,promoter,0.0330717
SRR3088413,WT,methylation_canyon,0.05385957
SRR3088413,WT,exon,0.09557853
SRR3088413,WT,genebody,0.10336649
SRR3088413,WT,sine,0.105323724
SRR3088413,WT,line,0.10483191
SRR3088413,WT,ltr,0.09941634
SRR3088413,WT,bivalent_domain,0.097569495
SRR3088413,WT,bivalent_promoter,0.07164211
SRR3088413,WT,nonbivalent_promoter,0.014521686
SRR3088413,WT,bivalent_promoter_bivslop1000,0.07003897
SRR3088413,WT,nonbivalent_promoter_bivslop1000,0.014329611
SRR3088417,R882,cgi,0.037773266
SRR3088417,R882,cpg_shore,0.091860905
SRR3088417,R882,cpg_shelf,0.12296965
SRR3088417,R882,promoter,0.03014071
SRR3088417,R882,methylation_canyon,0.046878908
SRR3088417,R882,exon,0.09267854
SRR3088417,R882,genebody,0.100046284
SRR3088417,R882,sine,0.1013378
SRR3088417,R882,line,0.09817013
SRR3088417,R882,ltr,0.09265895
SRR3088417,R882,bivalent_domain,0.085509144
SRR3088417,R882,bivalent_promoter,0.06478533
SRR3088417,R882,nonbivalent_promoter,0.013366609
SRR3088417,R882,bivalent_promoter_bivslop1000,0.06332528
SRR3088417,R882,nonbivalent_promoter_bivslop1000,0.013200948
SRR3088420,R882,cgi,0.04134465
SRR3088420,R882,cpg_shore,0.090551555
SRR3088420,R882,cpg_shelf,0.11889794
SRR3088420,R882,promoter,0.03324483
SRR3088420,R882,methylation_canyon,0.053379893
SRR3088420,R882,exon,0.08702428
SRR3088420,R882,genebody,0.09526852
SRR3088420,R882,sine,0.094872236
SRR3088420,R882,line,0.09493598
SRR3088420,R882,ltr,0.08769707
SRR3088420,R882,bivalent_domain,0.09837972
SRR3088420,R882,bivalent_promoter,0.07436525
SRR3088420,R882,nonbivalent_promoter,0.013513343
SRR3088420,R882,bivalent_promoter_bivslop1000,0.07260897
SRR3088420,R882,nonbivalent_promoter_bivslop1000,0.013251903
SRR3088422,R882,cgi,0.024954127
SRR3088422,R882,cpg_shore,0.09616897
SRR3088422,R882,cpg_shelf,0.14328063
SRR3088422,R882,promoter,0.019503485
SRR3088422,R882,methylation_canyon,0.025109567
SRR3088422,R882,exon,0.11139404
SRR3088422,R882,genebody,0.11612628
SRR3088422,R882,sine,0.1179069
SRR3088422,R882,line,0.11838547
SRR3088422,R882,ltr,0.10310736
SRR3088422,R882,bivalent_domain,0.044100832
SRR3088422,R882,bivalent_promoter,0.032500707
SRR3088422,R882,nonbivalent_promoter,0.012965901
SRR3088422,R882,bivalent_promoter_bivslop1000,0.0320901
SRR3088422,R882,nonbivalent_promoter_bivslop1000,0.012941354
SRR3088426,R882,cgi,0.024512218
SRR3088426,R882,cpg_shore,0.09382922
SRR3088426,R882,cpg_shelf,0.14398618
SRR3088426,R882,promoter,0.018867703
SRR3088426,R882,methylation_canyon,0.025432553
SRR3088426,R882,exon,0.11207805
SRR3088426,R882,genebody,0.11761968
SRR3088426,R882,sine,0.12313108
SRR3088426,R882,line,0.11901098
SRR3088426,R882,ltr,0.10599833
SRR3088426,R882,bivalent_domain,0.042461246
SRR3088426,R882,bivalent_promoter,0.031158997
SRR3088426,R882,nonbivalent_promoter,0.01263168
SRR3088426,R882,bivalent_promoter_bivslop1000,0.030803557
SRR3088426,R882,nonbivalent_promoter_bivslop1000,0.012624478
SRR3088433,WT,cgi,0.02712971
SRR3088433,WT,cpg_shore,0.08321994
SRR3088433,WT,cpg_shelf,0.110155866
SRR3088433,WT,promoter,0.020291055
SRR3088433,WT,methylation_canyon,0.028786985
SRR3088433,WT,exon,0.07915052
SRR3088433,WT,genebody,0.089439705
SRR3088433,WT,sine,0.10084332
SRR3088433,WT,line,0.094111145
SRR3088433,WT,ltr,0.09368731
SRR3088433,WT,bivalent_domain,0.05329991
SRR3088433,WT,bivalent_promoter,0.037661046
SRR3088433,WT,nonbivalent_promoter,0.0114060985
SRR3088433,WT,bivalent_promoter_bivslop1000,0.037013657
SRR3088433,WT,nonbivalent_promoter_bivslop1000,0.011345133
SRR3088436,WT,cgi,0.033361617
SRR3088436,WT,cpg_shore,0.087859355
SRR3088436,WT,cpg_shelf,0.10973798
SRR3088436,WT,promoter,0.025422335
SRR3088436,WT,methylation_canyon,0.040716115
SRR3088436,WT,exon,0.07952535
SRR3088436,WT,genebody,0.08912738
SRR3088436,WT,sine,0.09865806
SRR3088436,WT,line,0.09722699
SRR3088436,WT,ltr,0.09095131
SRR3088436,WT,bivalent_domain,0.07291533
SRR3088436,WT,bivalent_promoter,0.052156553
SRR3088436,WT,nonbivalent_promoter,0.012135297
SRR3088436,WT,bivalent_promoter_bivslop1000,0.051073167
SRR3088436,WT,nonbivalent_promoter_bivslop1000,0.01198014
SRR3088438,WT,cgi,0.031867385
SRR3088438,WT,cpg_shore,0.08834225
SRR3088438,WT,cpg_shelf,0.116522565
SRR3088438,WT,promoter,0.02463905
SRR3088438,WT,methylation_canyon,0.03228461
SRR3088438,WT,exon,0.0913694
SRR3088438,WT,genebody,0.09812403
SRR3088438,WT,sine,0.104822494
SRR3088438,WT,line,0.104676954
SRR3088438,WT,ltr,0.09897666
SRR3088438,WT,bivalent_domain,0.062499147
SRR3088438,WT,bivalent_promoter,0.047019914
SRR3088438,WT,nonbivalent_promoter,0.013431339
SRR3088438,WT,bivalent_promoter_bivslop1000,0.04621456
SRR3088438,WT,nonbivalent_promoter_bivslop1000,0.01325859
SRR3088441,WT,cgi,0.038816124
SRR3088441,WT,cpg_shore,0.08987275
SRR3088441,WT,cpg_shelf,0.12029145
SRR3088441,WT,promoter,0.030813681
SRR3088441,WT,methylation_canyon,0.04750598
SRR3088441,WT,exon,0.089561455
SRR3088441,WT,genebody,0.09700166
SRR3088441,WT,sine,0.09933154
SRR3088441,WT,line,0.10089747
SRR3088441,WT,ltr,0.0960584
SRR3088441,WT,bivalent_domain,0.08848649
SRR3088441,WT,bivalent_promoter,0.06707844
SRR3088441,WT,nonbivalent_promoter,0.013206439
SRR3088441,WT,bivalent_promoter_bivslop1000,0.06580878
SRR3088441,WT,nonbivalent_promoter_bivslop1000,0.0128207095
SRR3088443,INS,cgi,0.037800636
SRR3088443,INS,cpg_shore,0.09451263
SRR3088443,INS,cpg_shelf,0.11702139
SRR3088443,INS,promoter,0.028993605
SRR3088443,INS,methylation_canyon,0.04233843
SRR3088443,INS,exon,0.0898879
SRR3088443,INS,genebody,0.09852987
SRR3088443,INS,sine,0.10948638
SRR3088443,INS,line,0.100348905
SRR3088443,INS,ltr,0.10447199
SRR3088443,INS,bivalent_domain,0.08389116
SRR3088443,INS,bivalent_promoter,0.060958486
SRR3088443,INS,nonbivalent_promoter,0.013586718
SRR3088443,INS,bivalent_promoter_bivslop1000,0.05966053
SRR3088443,INS,nonbivalent_promoter_bivslop1000,0.013404922
SRR3088447,INS,cgi,0.055585004
SRR3088447,INS,cpg_shore,0.10999079
SRR3088447,INS,cpg_shelf,0.13152327
SRR3088447,INS,promoter,0.0451783
SRR3088447,INS,methylation_canyon,0.07007763
SRR3088447,INS,exon,0.10077312
SRR3088447,INS,genebody,0.109617956
SRR3088447,INS,sine,0.11012839
SRR3088447,INS,line,0.11636104
SRR3088447,INS,ltr,0.10653123
SRR3088447,INS,bivalent_domain,0.13291495
SRR3088447,INS,bivalent_promoter,0.10132806
SRR3088447,INS,nonbivalent_promoter,0.018843094
SRR3088447,INS,bivalent_promoter_bivslop1000,0.098921776
SRR3088447,INS,nonbivalent_promoter_bivslop1000,0.01846971
SRR3088563,INS,cgi,0.050727494
SRR3088563,INS,cpg_shore,0.10429284
SRR3088563,INS,cpg_shelf,0.11566475
SRR3088563,INS,promoter,0.04045171
SRR3088563,INS,methylation_canyon,0.058468558
SRR3088563,INS,exon,0.08886004
SRR3088563,INS,genebody,0.097054794
SRR3088563,INS,sine,0.10044114
SRR3088563,INS,line,0.10045809
SRR3088563,INS,ltr,0.10510179
SRR3088563,INS,bivalent_domain,0.11239841
SRR3088563,INS,bivalent_promoter,0.08563624
SRR3088563,INS,nonbivalent_promoter,0.018921886
SRR3088563,INS,bivalent_promoter_bivslop1000,0.08383257
SRR3088563,INS,nonbivalent_promoter_bivslop1000,0.018543134
SRR3088567,INS,cgi,0.07375709
SRR3088567,INS,cpg_shore,0.116653845
SRR3088567,INS,cpg_shelf,0.12539525
SRR3088567,INS,promoter,0.061471652
SRR3088567,INS,methylation_canyon,0.08793238
SRR3088567,INS,exon,0.098765545
SRR3088567,INS,genebody,0.10733914
SRR3088567,INS,sine,0.111708336
SRR3088567,INS,line,0.111756034
SRR3088567,INS,ltr,0.11413604
SRR3088567,INS,bivalent_domain,0.16912828
SRR3088567,INS,bivalent_promoter,0.13540214
SRR3088567,INS,nonbivalent_promoter,0.026782261
SRR3088567,INS,bivalent_promoter_bivslop1000,0.13250929
SRR3088567,INS,nonbivalent_promoter_bivslop1000,0.025967212
SRR3088572,WT,cgi,0.039466992
SRR3088572,WT,cpg_shore,0.09964522
SRR3088572,WT,cpg_shelf,0.13385382
SRR3088572,WT,promoter,0.030666305
SRR3088572,WT,methylation_canyon,0.052179486
SRR3088572,WT,exon,0.0984508
SRR3088572,WT,genebody,0.10641785
SRR3088572,WT,sine,0.116324514
SRR3088572,WT,line,0.10913299
SRR3088572,WT,ltr,0.1064964
SRR3088572,WT,bivalent_domain,0.090826556
SRR3088572,WT,bivalent_promoter,0.065555945
SRR3088572,WT,nonbivalent_promoter,0.013782203
SRR3088572,WT,bivalent_promoter_bivslop1000,0.06407581
SRR3088572,WT,nonbivalent_promoter_bivslop1000,0.013641982
SRR3088575,WT,cgi,0.039126392
SRR3088575,WT,cpg_shore,0.10362608
SRR3088575,WT,cpg_shelf,0.14069979
SRR3088575,WT,promoter,0.030724889
SRR3088575,WT,methylation_canyon,0.05233365
SRR3088575,WT,exon,0.10536813
SRR3088575,WT,genebody,0.11326367
SRR3088575,WT,sine,0.12221285
SRR3088575,WT,line,0.11745043
SRR3088575,WT,ltr,0.10945198
SRR3088575,WT,bivalent_domain,0.090680465
SRR3088575,WT,bivalent_promoter,0.064826965
SRR3088575,WT,nonbivalent_promoter,0.014517926
SRR3088575,WT,bivalent_promoter_bivslop1000,0.06336176
SRR3088575,WT,nonbivalent_promoter_bivslop1000,0.014398734
SRR3088583,WT,cgi,0.038329452
SRR3088583,WT,cpg_shore,0.10608749
SRR3088583,WT,cpg_shelf,0.14255121
SRR3088583,WT,promoter,0.02966204
SRR3088583,WT,methylation_canyon,0.048516795
SRR3088583,WT,exon,0.107001476
SRR3088583,WT,genebody,0.115340725
SRR3088583,WT,sine,0.12320402
SRR3088583,WT,line,0.12050131
SRR3088583,WT,ltr,0.11400418
SRR3088583,WT,bivalent_domain,0.08614918
SRR3088583,WT,bivalent_promoter,0.062126715
SRR3088583,WT,nonbivalent_promoter,0.014029726
SRR3088583,WT,bivalent_promoter_bivslop1000,0.06075018
SRR3088583,WT,nonbivalent_promoter_bivslop1000,0.013897221
SRR3088587,WT,cgi,0.04467864
SRR3088587,WT,cpg_shore,0.10364312
SRR3088587,WT,cpg_shelf,0.13359077
SRR3088587,WT,promoter,0.035388123
SRR3088587,WT,methylation_canyon,0.057782274
SRR3088587,WT,exon,0.09877299
SRR3088587,WT,genebody,0.10615592
SRR3088587,WT,sine,0.108067505
SRR3088587,WT,line,0.11336072
SRR3088587,WT,ltr,0.10521606
SRR3088587,WT,bivalent_domain,0.10364013
SRR3088587,WT,bivalent_promoter,0.07653708
SRR3088587,WT,nonbivalent_promoter,0.015371331
SRR3088587,WT,bivalent_promoter_bivslop1000,0.07484074
SRR3088587,WT,nonbivalent_promoter_bivslop1000,0.015154561
SRR3088592,NBM,cgi,0.023596318
SRR3088592,NBM,cpg_shore,0.078361824
SRR3088592,NBM,cpg_shelf,0.1032886
SRR3088592,NBM,promoter,0.01788402
SRR3088592,NBM,methylation_canyon,0.020638907
SRR3088592,NBM,exon,0.07664988
SRR3088592,NBM,genebody,0.08553295
SRR3088592,NBM,sine,0.0956586
SRR3088592,NBM,line,0.092156075
SRR3088592,NBM,ltr,0.092865705
SRR3088592,NBM,bivalent_domain,0.037949074
SRR3088592,NBM,bivalent_promoter,0.028227113
SRR3088592,NBM,nonbivalent_promoter,0.01264857
SRR3088592,NBM,bivalent_promoter_bivslop1000,0.02783566
SRR3088592,NBM,nonbivalent_promoter_bivslop1000,0.012619318
SRR3088593,NBM,cgi,0.021985898
SRR3088593,NBM,cpg_shore,0.07645975
SRR3088593,NBM,cpg_shelf,0.10218572
SRR3088593,NBM,promoter,0.016622428
SRR3088593,NBM,methylation_canyon,0.019114658
SRR3088593,NBM,exon,0.074872546
SRR3088593,NBM,genebody,0.08369288
SRR3088593,NBM,sine,0.09479453
SRR3088593,NBM,line,0.08930476
SRR3088593,NBM,ltr,0.09367454
SRR3088593,NBM,bivalent_domain,0.035342284
SRR3088593,NBM,bivalent_promoter,0.026017576
SRR3088593,NBM,nonbivalent_promoter,0.011761032
SRR3088593,NBM,bivalent_promoter_bivslop1000,0.025702568
SRR3088593,NBM,nonbivalent_promoter_bivslop1000,0.011748528
SRR3088594,NBM,cgi,0.02236062
SRR3088594,NBM,cpg_shore,0.08287592
SRR3088594,NBM,cpg_shelf,0.10659837
SRR3088594,NBM,promoter,0.017157676
SRR3088594,NBM,methylation_canyon,0.020175835
SRR3088594,NBM,exon,0.08146901
SRR3088594,NBM,genebody,0.08889592
SRR3088594,NBM,sine,0.09466856
SRR3088594,NBM,line,0.094581746
SRR3088594,NBM,ltr,0.092844784
SRR3088594,NBM,bivalent_domain,0.037769027
SRR3088594,NBM,bivalent_promoter,0.02740739
SRR3088594,NBM,nonbivalent_promoter,0.011969919
SRR3088594,NBM,bivalent_promoter_bivslop1000,0.027058141
SRR3088594,NBM,nonbivalent_promoter_bivslop1000,0.011957194
SRR3088595,NBM,cgi,0.022886937
SRR3088595,NBM,cpg_shore,0.07630857
SRR3088595,NBM,cpg_shelf,0.101988055
SRR3088595,NBM,promoter,0.016969256
SRR3088595,NBM,methylation_canyon,0.020017073
SRR3088595,NBM,exon,0.07481824
SRR3088595,NBM,genebody,0.0835735
SRR3088595,NBM,sine,0.09195441
SRR3088595,NBM,line,0.09381397
SRR3088595,NBM,ltr,0.08925075
SRR3088595,NBM,bivalent_domain,0.038473662
SRR3088595,NBM,bivalent_promoter,0.02774872
SRR3088595,NBM,nonbivalent_promoter,0.011408273
SRR3088595,NBM,bivalent_promoter_bivslop1000,0.02736887
SRR3088595,NBM,nonbivalent_promoter_bivslop1000,0.011368323
SRR3088596,NBM,cgi,0.024430247
SRR3088596,NBM,cpg_shore,0.08370924
SRR3088596,NBM,cpg_shelf,0.103869215
SRR3088596,NBM,promoter,0.018972678
SRR3088596,NBM,methylation_canyon,0.021888183
SRR3088596,NBM,exon,0.078971565
SRR3088596,NBM,genebody,0.08668423
SRR3088596,NBM,sine,0.09081197
SRR3088596,NBM,line,0.09436049
SRR3088596,NBM,ltr,0.090532176
SRR3088596,NBM,bivalent_domain,0.040677473
SRR3088596,NBM,bivalent_promoter,0.030269427
SRR3088596,NBM,nonbivalent_promoter,0.01332197
SRR3088596,NBM,bivalent_promoter_bivslop1000,0.02985266
SRR3088596,NBM,nonbivalent_promoter_bivslop1000,0.013300215
SRR3088597,NBM,cgi,0.023964308
SRR3088597,NBM,cpg_shore,0.08620504
SRR3088597,NBM,cpg_shelf,0.10938645
SRR3088597,NBM,promoter,0.018585002
SRR3088597,NBM,methylation_canyon,0.021840192
SRR3088597,NBM,exon,0.08400237
SRR3088597,NBM,genebody,0.091184326
SRR3088597,NBM,sine,0.09543866
SRR3088597,NBM,line,0.09745935
SRR3088597,NBM,ltr,0.092413075
SRR3088597,NBM,bivalent_domain,0.039811265
SRR3088597,NBM,bivalent_promoter,0.02915288
SRR3088597,NBM,nonbivalent_promoter,0.01331185
SRR3088597,NBM,bivalent_promoter_bivslop1000,0.028838461
SRR3088597,NBM,nonbivalent_promoter_bivslop1000,0.013267172
SRR3088598,NBM,cgi,0.023493478
SRR3088598,NBM,cpg_shore,0.08036994
SRR3088598,NBM,cpg_shelf,0.101315215
SRR3088598,NBM,promoter,0.017873164
SRR3088598,NBM,methylation_canyon,0.021974504
SRR3088598,NBM,exon,0.07751684
SRR3088598,NBM,genebody,0.08451897
SRR3088598,NBM,sine,0.090312794
SRR3088598,NBM,line,0.088436924
SRR3088598,NBM,ltr,0.08809874
SRR3088598,NBM,bivalent_domain,0.03956874
SRR3088598,NBM,bivalent_promoter,0.02884041
SRR3088598,NBM,nonbivalent_promoter,0.012391445
SRR3088598,NBM,bivalent_promoter_bivslop1000,0.028449303
SRR3088598,NBM,nonbivalent_promoter_bivslop1000,0.01235608
SRR3088599,NBM,cgi,0.025827717
SRR3088599,NBM,cpg_shore,0.08658434
SRR3088599,NBM,cpg_shelf,0.107975364
SRR3088599,NBM,promoter,0.020033829
SRR3088599,NBM,methylation_canyon,0.024190271
SRR3088599,NBM,exon,0.08254352
SRR3088599,NBM,genebody,0.090701595
SRR3088599,NBM,sine,0.09615436
SRR3088599,NBM,line,0.09672243
SRR3088599,NBM,ltr,0.092286326
SRR3088599,NBM,bivalent_domain,0.043980263
SRR3088599,NBM,bivalent_promoter,0.03247297
SRR3088599,NBM,nonbivalent_promoter,0.013760493
SRR3088599,NBM,bivalent_promoter_bivslop1000,0.032082148
SRR3088599,NBM,nonbivalent_promoter_bivslop1000,0.013700672
SRR3088600,NBM,cgi,0.04450344
SRR3088600,NBM,cpg_shore,0.1005498
SRR3088600,NBM,cpg_shelf,0.12824018
SRR3088600,NBM,promoter,0.03655351
SRR3088600,NBM,methylation_canyon,0.051138822
SRR3088600,NBM,exon,0.09966564
SRR3088600,NBM,genebody,0.10849548
SRR3088600,NBM,sine,0.11599248
SRR3088600,NBM,line,0.114588134
SRR3088600,NBM,ltr,0.11133523
SRR3088600,NBM,bivalent_domain,0.09104628
SRR3088600,NBM,bivalent_promoter,0.07263023
SRR3088600,NBM,nonbivalent_promoter,0.019304916
SRR3088600,NBM,bivalent_promoter_bivslop1000,0.07142779
SRR3088600,NBM,nonbivalent_promoter_bivslop1000,0.018824467
SRR3088601,NBM,cgi,0.02475121
SRR3088601,NBM,cpg_shore,0.09499429
SRR3088601,NBM,cpg_shelf,0.13082989
SRR3088601,NBM,promoter,0.019262366
SRR3088601,NBM,methylation_canyon,0.021539884
SRR3088601,NBM,exon,0.10400156
SRR3088601,NBM,genebody,0.1133528
SRR3088601,NBM,sine,0.12977622
SRR3088601,NBM,line,0.11620102
SRR3088601,NBM,ltr,0.12142244
SRR3088601,NBM,bivalent_domain,0.038982585
SRR3088601,NBM,bivalent_promoter,0.028759902
SRR3088601,NBM,nonbivalent_promoter,0.014391055
SRR3088601,NBM,bivalent_promoter_bivslop1000,0.028467216
SRR3088601,NBM,nonbivalent_promoter_bivslop1000,0.014395052
SRR3088602,NBM,cgi,0.029313311
SRR3088602,NBM,cpg_shore,0.09017409
SRR3088602,NBM,cpg_shelf,0.11246043
SRR3088602,NBM,promoter,0.02259092
SRR3088602,NBM,methylation_canyon,0.029346535
SRR3088602,NBM,exon,0.0862518
SRR3088602,NBM,genebody,0.09426173
SRR3088602,NBM,sine,0.09911113
SRR3088602,NBM,line,0.098029405
SRR3088602,NBM,ltr,0.096262924
SRR3088602,NBM,bivalent_domain,0.05345437
SRR3088602,NBM,bivalent_promoter,0.03955291
SRR3088602,NBM,nonbivalent_promoter,0.014168911
SRR3088602,NBM,bivalent_promoter_bivslop1000,0.038979612
SRR3088602,NBM,nonbivalent_promoter_bivslop1000,0.014054068
SRR3088603,NBM,cgi,0.02884708
SRR3088603,NBM,cpg_shore,0.09843871
SRR3088603,NBM,cpg_shelf,0.13496697
SRR3088603,NBM,promoter,0.02255985
SRR3088603,NBM,methylation_canyon,0.027246904
SRR3088603,NBM,exon,0.10546804
SRR3088603,NBM,genebody,0.113433376
SRR3088603,NBM,sine,0.123274155
SRR3088603,NBM,line,0.117681935
SRR3088603,NBM,ltr,0.11487612
SRR3088603,NBM,bivalent_domain,0.049878325
SRR3088603,NBM,bivalent_promoter,0.03702441
SRR3088603,NBM,nonbivalent_promoter,0.015275576
SRR3088603,NBM,bivalent_promoter_bivslop1000,0.036596604
SRR3088603,NBM,nonbivalent_promoter_bivslop1000,0.0151803
SRR3088604,NBM,cgi,0.02542993
SRR3088604,NBM,cpg_shore,0.08936062
SRR3088604,NBM,cpg_shelf,0.11612047
SRR3088604,NBM,promoter,0.019771814
SRR3088604,NBM,methylation_canyon,0.023686932
SRR3088604,NBM,exon,0.09005279
SRR3088604,NBM,genebody,0.09784217
SRR3088604,NBM,sine,0.10392534
SRR3088604,NBM,line,0.10252534
SRR3088604,NBM,ltr,0.10257671
SRR3088604,NBM,bivalent_domain,0.042941973
SRR3088604,NBM,bivalent_promoter,0.03181377
SRR3088604,NBM,nonbivalent_promoter,0.013778239
SRR3088604,NBM,bivalent_promoter_bivslop1000,0.03143269
SRR3088604,NBM,nonbivalent_promoter_bivslop1000,0.013718234
SRR3088605,NBM,cgi,0.024050597
SRR3088605,NBM,cpg_shore,0.08521237
SRR3088605,NBM,cpg_shelf,0.11058917
SRR3088605,NBM,promoter,0.01835455
SRR3088605,NBM,methylation_canyon,0.02167628
SRR3088605,NBM,exon,0.085047595
SRR3088605,NBM,genebody,0.09364115
SRR3088605,NBM,sine,0.102483794
SRR3088605,NBM,line,0.09934967
SRR3088605,NBM,ltr,0.09532046
SRR3088605,NBM,bivalent_domain,0.040732972
SRR3088605,NBM,bivalent_promoter,0.029722137
SRR3088605,NBM,nonbivalent_promoter,0.012569192
SRR3088605,NBM,bivalent_promoter_bivslop1000,0.029349914
SRR3088605,NBM,nonbivalent_promoter_bivslop1000,0.012542541
