sample,lpmd,Name,DNMT3A_mut1,DNMT3A_mut2,DNMT3A_pos1,DNMT3A_pos2,DNMT3A_mutcount,DNMT3A_truncation1,DNMT3A_truncation2,DNMT3A_stability1,DNMT3A_stability2,status,DNMT3A_mut,DNMT3A_pos,DNMT3A_stability
TCGA-AB-2804,0.0423477778580326,TCGA-AB-2804,,,,,0,False,False,,,WT,,,
TCGA-AB-2808,0.0486865715216009,TCGA-AB-2808,,,,,0,False,False,,,WT,,,
TCGA-AB-2819,0.045578270612436,TCGA-AB-2819,,,,,0,False,False,,,WT,,,
TCGA-AB-2821,0.0465661068087458,TCGA-AB-2821,,,,,0,False,False,,,WT,,,
TCGA-AB-2828,0.0430278449424141,TCGA-AB-2828,,,,,0,False,False,,,WT,,,
TCGA-AB-2835,0.0440095752623391,TCGA-AB-2835,,,,,0,False,False,,,WT,,,
TCGA-AB-2846,0.0449991430707322,TCGA-AB-2846,,,,,0,False,False,,,WT,,,
TCGA-AB-2847,0.0436763552969502,TCGA-AB-2847,,,,,0,False,False,,,WT,,,
TCGA-AB-2849,0.042747205040323,TCGA-AB-2849,,,,,0,False,False,,,WT,,,
TCGA-AB-2862,0.0473895955978964,TCGA-AB-2862,,,,,0,False,False,,,WT,,,
TCGA-AB-2863,0.0482296545904621,TCGA-AB-2863,p.R882H,,882.0,,1,False,False,0.9764945,,R882,,,
TCGA-AB-2869,0.0470143282646104,TCGA-AB-2869,p.Q485*,,485.0,,1,True,False,,,INS,p.Q485*,485.0,1.138854
TCGA-AB-2870,0.0430279705564843,TCGA-AB-2870,,,,,0,False,False,,,WT,,,
TCGA-AB-2871,0.0424567527352201,TCGA-AB-2871,,,,,0,False,False,,,WT,,,
TCGA-AB-2872,0.0465029939976864,TCGA-AB-2872,,,,,0,False,False,,,WT,,,
TCGA-AB-2873,0.0401714916742711,TCGA-AB-2873,p.R882H,,882.0,,1,False,False,0.9764945,,R882,p.R882H,882.0,0.9764945
TCGA-AB-2874,0.0484715592648702,TCGA-AB-2874,,,,,0,False,False,,,WT,,,
TCGA-AB-2875,0.0431844293741202,TCGA-AB-2875,,,,,0,False,False,,,WT,,,
TCGA-AB-2876,0.047989413276022,TCGA-AB-2876,,,,,0,False,False,,,WT,,,
TCGA-AB-2877,0.0530421873842852,TCGA-AB-2877,,,,,0,False,False,,,WT,,,
TCGA-AB-2878,0.0460986495526945,TCGA-AB-2878,,,,,0,False,False,,,WT,,,
TCGA-AB-2879,0.0460873949700028,TCGA-AB-2879,,,,,0,False,False,,,WT,,,
TCGA-AB-2880,0.0492674275742236,TCGA-AB-2880,,,,,0,False,False,,,WT,,,
TCGA-AB-2881,0.0440878688826796,TCGA-AB-2881,,,,,0,False,False,,,WT,,,
TCGA-AB-2882,0.0449531723206901,TCGA-AB-2882,,,,,0,False,False,,,WT,,,
TCGA-AB-2883,0.0438027822903581,TCGA-AB-2883,,,,,0,False,False,,,WT,,,
TCGA-AB-2884,0.0476882425847705,TCGA-AB-2884,p.R882H,,882.0,,1,False,False,0.9764945,,R882,p.R882H,882.0,0.9764945
TCGA-AB-2885,0.0426592480115827,TCGA-AB-2885,,,,,0,False,False,,,WT,,,
TCGA-AB-2886,0.0452739299076119,TCGA-AB-2886,,,,,0,False,False,,,WT,,,
TCGA-AB-2887,0.0486790943632497,TCGA-AB-2887,p.P718L,,718.0,,1,False,False,0.7192777,,INS,p.P718L,718.0,0.7192777
TCGA-AB-2888,0.0466125747788053,TCGA-AB-2888,,,,,0,False,False,,,WT,,,
TCGA-AB-2889,0.0400881123978253,TCGA-AB-2889,,,,,0,False,False,,,WT,,,
TCGA-AB-2890,0.0435297066464139,TCGA-AB-2890,,,,,0,False,False,,,WT,,,
TCGA-AB-2891,0.0532117146187744,TCGA-AB-2891,p.R729Q,,729.0,,1,False,False,0.363541,,INS,p.R729Q,729.0,0.363541
TCGA-AB-2892,0.0441852853909363,TCGA-AB-2892,,,,,0,False,False,,,WT,,,
TCGA-AB-2894,0.0460949747155391,TCGA-AB-2894,,,,,0,False,False,,,WT,,,
TCGA-AB-2895,0.0444320851632374,TCGA-AB-2895,p.R882H,,882.0,,1,False,False,0.9764945,,R882,p.R882H,882.0,0.9764945
TCGA-AB-2896,0.0431103348401477,TCGA-AB-2896,p.R882H,,882.0,,1,False,False,0.9764945,,R882,p.R882H,882.0,0.9764945
TCGA-AB-2897,0.0445536508516251,TCGA-AB-2897,,,,,0,False,False,,,WT,,,
TCGA-AB-2898,0.0470724534203768,TCGA-AB-2898,p.R792H,,792.0,,1,False,False,0.9790729,,Other,p.R792H,792.0,0.9790729
TCGA-AB-2899,0.0465345034585231,TCGA-AB-2899,,,,,0,False,False,,,WT,,,
TCGA-AB-2900,0.0534176172461713,TCGA-AB-2900,,,,,0,False,False,,,WT,,,
TCGA-AB-2901,0.0477269035022563,TCGA-AB-2901,,,,,0,False,False,,,WT,,,
TCGA-AB-2903,0.0434427570943848,TCGA-AB-2903,,,,,0,False,False,,,WT,,,
TCGA-AB-2904,0.0404498690695812,TCGA-AB-2904,,,,,0,False,False,,,WT,,,
TCGA-AB-2906,0.0457448078655262,TCGA-AB-2906,,,,,0,False,False,,,WT,,,
TCGA-AB-2907,0.0468665709388501,TCGA-AB-2907,,,,,0,False,False,,,WT,,,
TCGA-AB-2908,0.0410733485958353,TCGA-AB-2908,p.R882C,,882.0,,1,False,False,0.9764945,,R882,p.R882C,882.0,0.9764945
TCGA-AB-2909,0.0468148618932887,TCGA-AB-2909,,,,,0,False,False,,,WT,,,
TCGA-AB-2910,0.0430095371309856,TCGA-AB-2910,,,,,0,False,False,,,WT,,,
TCGA-AB-2911,0.0469741825654053,TCGA-AB-2911,,,,,0,False,False,,,WT,,,
TCGA-AB-2912,0.0462908460926707,TCGA-AB-2912,p.R729W,,729.0,,1,False,False,0.363541,,INS,p.R729W,729.0,0.363541
TCGA-AB-2913,0.0508350010165465,TCGA-AB-2913,,,,,0,False,False,,,WT,,,
TCGA-AB-2914,0.0466368644657648,TCGA-AB-2914,,,,,0,False,False,,,WT,,,
TCGA-AB-2915,0.0450343879895727,TCGA-AB-2915,,,,,0,False,False,,,WT,,,
TCGA-AB-2916,0.0429673464853434,TCGA-AB-2916,p.R882C,,882.0,,1,False,False,0.9764945,,R882,p.R882C,882.0,0.9764945
TCGA-AB-2917,0.0464907215353436,TCGA-AB-2917,,,,,0,False,False,,,WT,,,
TCGA-AB-2918,0.0516956494570378,TCGA-AB-2918,,,,,0,False,False,,,WT,,,
TCGA-AB-2919,0.0527230618954595,TCGA-AB-2919,p.C497Y,,497.0,,1,False,False,0.2767733,,INS,p.C497Y,497.0,0.2767733
TCGA-AB-2920,0.0438953153516716,TCGA-AB-2920,,,,,0,False,False,,,WT,,,
TCGA-AB-2921,0.0498986977669227,TCGA-AB-2921,,,,,0,False,False,,,WT,,,
TCGA-AB-2922,0.0441986374888939,TCGA-AB-2922,,,,,0,False,False,,,WT,,,
TCGA-AB-2923,0.0420048434117214,TCGA-AB-2923,,,,,0,False,False,,,WT,,,
TCGA-AB-2924,0.0454944874181147,TCGA-AB-2924,,,,,0,False,False,,,WT,,,
TCGA-AB-2925,0.0406923344619698,TCGA-AB-2925,p.R882H,,882.0,,1,False,False,0.9764945,,R882,p.R882H,882.0,0.9764945
TCGA-AB-2926,0.0562105811285754,TCGA-AB-2926,,,,,0,False,False,,,WT,,,
TCGA-AB-2927,0.0451712541471763,TCGA-AB-2927,,,,,0,False,False,,,WT,,,
TCGA-AB-2928,0.046903114289249,TCGA-AB-2928,p.R320*,p.D781G,320.0,781.0,2,True,False,,0.9319379,Other,p.R320*,320.0,
TCGA-AB-2929,0.043494535201844,TCGA-AB-2929,,,,,0,False,False,,,WT,,,
TCGA-AB-2930,0.0518050667977756,TCGA-AB-2930,,,,,0,False,False,,,WT,,,
TCGA-AB-2931,0.045904057060826,TCGA-AB-2931,p.R882C,,882.0,,1,False,False,0.9764945,,R882,p.R882C,882.0,0.9764945
TCGA-AB-2932,0.0482956656099499,TCGA-AB-2932,,,,,0,False,False,,,WT,,,
TCGA-AB-2933,0.0426753714798503,TCGA-AB-2933,,,,,0,False,False,,,WT,,,
TCGA-AB-2934,0.0466138974606064,TCGA-AB-2934,p.R736H,p.G646V,736.0,,2,False,False,0.3158816,,Other,p.R736H,736.0,0.3158816
TCGA-AB-2935,0.043279334164534,TCGA-AB-2935,,,,,0,False,False,,,WT,,,
TCGA-AB-2936,0.046324263479785,TCGA-AB-2936,,,,,0,False,False,,,WT,,,
TCGA-AB-2937,0.0450463151268613,TCGA-AB-2937,,,,,0,False,False,,,WT,,,
TCGA-AB-2939,0.0440964834623991,TCGA-AB-2939,,,,,0,False,False,,,WT,,,
TCGA-AB-2940,0.0503465439619583,TCGA-AB-2940,,,,,0,False,False,,,WT,,,
TCGA-AB-2941,0.0395396698736861,TCGA-AB-2941,,,,,0,False,False,,,WT,,,
TCGA-AB-2942,0.0438234068502726,TCGA-AB-2942,,,,,0,False,False,,,WT,,,
TCGA-AB-2943,0.0432928086133424,TCGA-AB-2943,,,,,0,False,False,,,WT,,,
TCGA-AB-2944,0.0480934157691731,TCGA-AB-2944,,,,,0,False,False,,,WT,,,
TCGA-AB-2945,0.0476972685526483,TCGA-AB-2945,p.R882H,,882.0,,1,False,False,0.9764945,,R882,p.R882H,882.0,0.9764945
TCGA-AB-2946,0.049603337627208,TCGA-AB-2946,,,,,0,False,False,,,WT,,,
TCGA-AB-2947,0.0456236508376592,TCGA-AB-2947,p.R882H,,882.0,,1,False,False,0.9764945,,R882,p.R882H,882.0,0.9764945
TCGA-AB-2948,0.044169192025593,TCGA-AB-2948,,,,,0,False,False,,,WT,,,
TCGA-AB-2949,0.0427800465884437,TCGA-AB-2949,p.R882H,,882.0,,1,False,False,0.9764945,,R882,p.R882H,882.0,0.9764945
TCGA-AB-2950,0.0460079715890319,TCGA-AB-2950,,,,,0,False,False,,,WT,,,
TCGA-AB-2952,0.0473965014013741,TCGA-AB-2952,,,,,0,False,False,,,WT,,,
TCGA-AB-2954,0.0452041322293078,TCGA-AB-2954,,,,,0,False,False,,,WT,,,
TCGA-AB-2955,0.0503669841342942,TCGA-AB-2955,p.R882H,,882.0,,1,False,False,0.9764945,,R882,p.R882H,882.0,0.9764945
TCGA-AB-2956,0.0432108465602849,TCGA-AB-2956,,,,,0,False,False,,,WT,,,
TCGA-AB-2957,0.0432622985835706,TCGA-AB-2957,,,,,0,False,False,,,WT,,,
TCGA-AB-2959,0.0492761626313128,TCGA-AB-2959,,,,,0,False,False,,,WT,,,
TCGA-AB-2963,0.0443508562909221,TCGA-AB-2963,,,,,0,False,False,,,WT,,,
TCGA-AB-2964,0.0429479220891583,TCGA-AB-2964,,,,,0,False,False,,,WT,,,
TCGA-AB-2965,0.0439647036547202,TCGA-AB-2965,p.R882H,,882.0,,1,False,False,0.9764945,,R882,p.R882H,882.0,0.9764945
TCGA-AB-2966,0.0570394805616564,TCGA-AB-2966,p.G590Vfs*61,,590.0,,1,True,False,,,INS,p.G590Vfs*61,590.0,0.4554169
TCGA-AB-2967,0.0486730246160632,TCGA-AB-2967,p.E505*,,505.0,,1,True,False,,,INS,p.E505*,505.0,0.5604438
TCGA-AB-2968,0.0426258769971274,TCGA-AB-2968,p.A741V,p.E477*,741.0,477.0,2,False,True,0.6665348,1.098108,Other,p.A741V,741.0,0.6665348
TCGA-AB-2969,0.0432834373314581,TCGA-AB-2969,p.R882H,,882.0,,1,False,False,0.9764945,,R882,p.R882H,882.0,0.9764945
TCGA-AB-2970,0.0487491660329497,TCGA-AB-2970,,,,,0,False,False,,,WT,,,
TCGA-AB-2971,0.0395958091719981,TCGA-AB-2971,,,,,0,False,False,,,WT,,,
TCGA-AB-2972,0.0466974955244506,TCGA-AB-2972,,,,,0,False,False,,,WT,,,
TCGA-AB-2973,0.046707924993352,TCGA-AB-2973,,,,,0,False,False,,,WT,,,
TCGA-AB-2974,0.0447121072274668,TCGA-AB-2974,p.R882C,,882.0,,1,False,False,0.9764945,,R882,p.R882C,882.0,0.9764945
TCGA-AB-2975,0.0427883889918291,TCGA-AB-2975,,,,,0,False,False,,,WT,,,
TCGA-AB-2976,0.0467430019332254,TCGA-AB-2976,,,,,0,False,False,,,WT,,,
TCGA-AB-2977,0.054298350074499,TCGA-AB-2977,,,,,0,False,False,,,WT,,,
TCGA-AB-2978,0.0408710390464436,TCGA-AB-2978,,,,,0,False,False,,,WT,,,
TCGA-AB-2979,0.052666254495051,TCGA-AB-2979,,,,,0,False,False,,,WT,,,
TCGA-AB-2980,0.0430623303325378,TCGA-AB-2980,,,,,0,False,False,,,WT,,,
TCGA-AB-2981,0.043835917438505,TCGA-AB-2981,p.R882C,,882.0,,1,False,False,0.9764945,,R882,p.R882C,882.0,0.9764945
TCGA-AB-2982,0.0438114767761279,TCGA-AB-2982,,,,,0,False,False,,,WT,,,
TCGA-AB-2983,0.0445600544478866,TCGA-AB-2983,,,,,0,False,False,,,WT,,,
TCGA-AB-2984,0.0541928635754239,TCGA-AB-2984,,,,,0,False,False,,,WT,,,
TCGA-AB-2985,0.0429374302832425,TCGA-AB-2985,,,,,0,False,False,,,WT,,,
TCGA-AB-2986,0.0502832688629901,TCGA-AB-2986,,,,,0,False,False,,,WT,,,
TCGA-AB-2987,0.0434387856569152,TCGA-AB-2987,p.R882H,,882.0,,1,False,False,0.9764945,,R882,p.R882H,882.0,0.9764945
TCGA-AB-2988,0.0473741061734368,TCGA-AB-2988,p.F909C,,909.0,,1,False,False,0.327513,,INS,p.F909C,909.0,0.327513
TCGA-AB-2989,0.0501578234359131,TCGA-AB-2989,,,,,0,False,False,,,WT,,,
TCGA-AB-2990,0.0481088848770172,TCGA-AB-2990,,,,,0,False,False,,,WT,,,
TCGA-AB-2991,0.0457336774325521,TCGA-AB-2991,,,,,0,False,False,,,WT,,,
TCGA-AB-2992,0.0465439702132698,TCGA-AB-2992,,,,,0,False,False,,,WT,,,
TCGA-AB-2993,0.0484685316721584,TCGA-AB-2993,p.L723Pfs*56,,723.0,,1,True,False,,,INS,p.L723Pfs*56,723.0,
TCGA-AB-2995,0.0399852886286259,TCGA-AB-2995,,,,,0,False,False,,,WT,,,
TCGA-AB-2996,0.0403159230568882,TCGA-AB-2996,,,,,0,False,False,,,WT,,,
TCGA-AB-2997,0.0501109372597227,TCGA-AB-2997,,,,,0,False,False,,,WT,,,
TCGA-AB-2998,0.0474802436272909,TCGA-AB-2998,,,,,0,False,False,,,WT,,,
TCGA-AB-2999,0.0436949989880682,TCGA-AB-2999,,,,,0,False,False,,,WT,,,
TCGA-AB-3001,0.0464144459375853,TCGA-AB-3001,,,,,0,False,False,,,WT,,,
TCGA-AB-3002,0.0503847322263837,TCGA-AB-3002,,,,,0,False,False,,,WT,,,
TCGA-AB-3005,0.0409968552020726,TCGA-AB-3005,,,,,0,False,False,,,WT,,,
TCGA-AB-3006,0.0447823848206767,TCGA-AB-3006,,,,,0,False,False,,,WT,,,
TCGA-AB-3007,0.0468471109078201,TCGA-AB-3007,,,,,0,False,False,,,WT,,,
TCGA-AB-3008,0.0528587271974824,TCGA-AB-3008,,,,,0,False,False,,,WT,,,
TCGA-AB-3009,0.0401252408465559,TCGA-AB-3009,,,,,0,False,False,,,WT,,,
TCGA-AB-3011,0.0479395835942853,TCGA-AB-3011,,,,,0,False,False,,,WT,,,
TCGA-AB-3012,0.0465785431963146,TCGA-AB-3012,,,,,0,False,False,,,WT,,,
