name,run_rrbs,run_wxs,run_rnaseq,DNMT3A_mut1,DNMT3A_mut2,DNMT3A_mut3,DNMT3A_pos1,DNMT3A_pos2,DNMT3A_pos3,DNMT3A_mutcount,DNMT3A_truncation1,DNMT3A_truncation2,DNMT3A_truncation2.1,DNMT3A_stability1,DNMT3A_stability2,DNMT3A_stability3,status
AML_074_Dx,SRR3088187,SRR3088188,,,,,,,,0.0,0.0,0.0,0.0,,,,WT
AML_074_Rel,SRR3088190,SRR3088191,,,,,,,,0.0,0.0,0.0,0.0,,,,WT
AML_075_Dx,SRR3088192,SRR3088193,,,,,,,,0.0,0.0,0.0,0.0,,,,WT
AML_075_Rel,SRR3088195,SRR3088196,,,,,,,,0.0,0.0,0.0,0.0,,,,WT
AML_078_Dx,SRR3088201,SRR3088202,,,,,,,,0.0,0.0,0.0,0.0,,,,WT
AML_078_Rel,SRR3088204,SRR3088205,,,,,,,,0.0,0.0,0.0,0.0,,,,WT
AML_079_Dx,SRR3088206,SRR3088207,,,,,,,,0.0,0.0,0.0,0.0,,,,WT
AML_079_Rel,SRR3088209,SRR3088210,,p.Val483Gly,,,483.0,,,1.0,0.0,0.0,0.0,,,,Other
AML_080_Dx,SRR3088211,SRR3088212,,p.Arg882Cys,,,882.0,,,1.0,0.0,0.0,0.0,0.9764945,,,R882
AML_080_Rel,SRR3088214,SRR3088215,,p.Ala884Val,p.Arg882Cys,p.Arg635Trp,884.0,882.0,635.0,3.0,0.0,0.0,0.0,1.002667,0.9764945,0.40598,Other
AML_081_Dx,SRR3088216,SRR3088217,,p.Arg635Pro,,,635.0,,,1.0,0.0,0.0,0.0,0.40598,,,INS
AML_081_Rel,SRR3088219,SRR3088220,,p.Arg635Pro,,,635.0,,,1.0,0.0,0.0,0.0,0.40598,,,INS
AML_082_Dx,SRR3088221,SRR3088222,,p.Arg771Gln,,,771.0,,,1.0,0.0,0.0,0.0,0.5270026,,,INS
AML_082_Rel,SRR3088224,SRR3088225,,p.Arg771Gln,,,771.0,,,1.0,0.0,0.0,0.0,0.5270026,,,INS
AML_083_Dx,SRR3088226,SRR3088227,,,,,,,,0.0,0.0,0.0,0.0,,,,WT
AML_083_Rel,SRR3088229,SRR3088230,,,,,,,,0.0,0.0,0.0,0.0,,,,WT
AML_084_Dx,SRR3088231,SRR3088232,,,,,,,,0.0,0.0,0.0,0.0,,,,WT
AML_084_Rel,SRR3088234,SRR3088235,,,,,,,,0.0,0.0,0.0,0.0,,,,WT
AML_086_Dx,SRR3088241,SRR3088242,,p.Gln356*,,,356.0,,,1.0,1.0,0.0,0.0,,,,INS
AML_086_Rel,SRR3088244,SRR3088245,,,,,,,,0.0,0.0,0.0,0.0,,,,WT
AML_088_Dx,SRR3088248,SRR3088249,,p.Arg882His,,,882.0,,,1.0,0.0,0.0,0.0,0.9764945,,,R882
AML_088_Rel,SRR3088251,SRR3088252,,p.Arg882His,,,882.0,,,1.0,0.0,0.0,0.0,0.9764945,,,R882
AML_089_Dx,SRR3088253,SRR3088254,,p.Tyr724Cys,p.Gly413fs,,724.0,,,2.0,0.0,0.0,0.0,,,,Other
AML_089_Rel,SRR3088256,SRR3088257,,p.Tyr724Cys,p.Gly413fs,,724.0,,,2.0,0.0,0.0,0.0,,,,Other
AML_090_Dx,SRR3088258,SRR3088259,,,,,,,,0.0,0.0,0.0,0.0,,,,WT
AML_090_Rel,SRR3088261,SRR3088262,,,,,,,,0.0,0.0,0.0,0.0,,,,WT
AML_091_Dx,SRR3088263,SRR3088264,,,,,,,,0.0,0.0,0.0,0.0,,,,WT
AML_091_Rel,SRR3088266,SRR3088267,,,,,,,,0.0,0.0,0.0,0.0,,,,WT
AML_092_Dx,SRR3088268,SRR3088269,,,,,,,,0.0,0.0,0.0,0.0,,,,WT
AML_092_Rel,SRR3088271,SRR3088272,,,,,,,,0.0,0.0,0.0,0.0,,,,WT
AML_093_Dx,SRR3088273,SRR3088274,,,,,,,,0.0,0.0,0.0,0.0,,,,WT
AML_093_Rel,SRR3088276,SRR3088277,,,,,,,,0.0,0.0,0.0,0.0,,,,WT
AML_094_Dx,SRR3088278,SRR3088279,,,,,,,,0.0,0.0,0.0,0.0,,,,WT
AML_094_Rel,SRR3088281,SRR3088282,,X213_splice,,,213.0,,,1.0,0.0,0.0,0.0,,,,Other
AML_095_Dx,SRR3088283,SRR3088284,,,,,,,,0.0,0.0,0.0,0.0,,,,WT
AML_095_Rel,SRR3088286,SRR3088287,,,,,,,,0.0,0.0,0.0,0.0,,,,WT
AML_096_Dx,SRR3088288,SRR3088289,,,,,,,,0.0,0.0,0.0,0.0,,,,WT
AML_096_Rel,SRR3088291,SRR3088292,,,,,,,,0.0,0.0,0.0,0.0,,,,WT
AML_097_Dx,SRR3088293,SRR3088294,,,,,,,,0.0,0.0,0.0,0.0,,,,WT
AML_097_Rel,SRR3088296,SRR3088297,,p.Gly543Cys,,,543.0,,,1.0,0.0,0.0,0.0,0.9069754,,,Other
AML_098_Dx,SRR3088298,SRR3088299,,,,,,,,0.0,0.0,0.0,0.0,,,,WT
AML_098_Rel,SRR3088301,SRR3088302,,,,,,,,0.0,0.0,0.0,0.0,,,,WT
AML_099_Dx,SRR3088303,SRR3088304,,,,,,,,0.0,0.0,0.0,0.0,,,,WT
AML_099_Rel,SRR3088306,SRR3088307,,,,,,,,0.0,0.0,0.0,0.0,,,,WT
AML_100_Dx,SRR3088308,SRR3088309,,,,,,,,0.0,0.0,0.0,0.0,,,,WT
AML_100_Rel,SRR3088311,SRR3088312,,,,,,,,0.0,0.0,0.0,0.0,,,,WT
AML_101_Dx,SRR3088313,SRR3088314,,,,,,,,0.0,0.0,0.0,0.0,,,,WT
AML_101_Rel,SRR3088316,SRR3088317,,,,,,,,0.0,0.0,0.0,0.0,,,,WT
AML_102_Dx,SRR3088318,SRR3088319,SRR15674463,,,,,,,0.0,0.0,0.0,0.0,,,,WT
AML_102_Rel,SRR3088321,SRR3088322,SRR15674464,X213_splice,,,213.0,,,1.0,0.0,0.0,0.0,,,,Other
AML_103_Dx,SRR3088323,SRR3088325,SRR3088324,p.Arg882Cys,,,882.0,,,1.0,0.0,0.0,0.0,0.9764945,,,R882
AML_103_Rel,SRR3088327,SRR3088329,SRR3088328,p.Arg882Cys,,,882.0,,,1.0,0.0,0.0,0.0,0.9764945,,,R882
AML_104_Dx,SRR3088330,SRR3088331,SRR15674465,,,,,,,0.0,0.0,0.0,0.0,,,,WT
AML_104_Rel,SRR3088333,SRR3088334,SRR15674466,,,,,,,0.0,0.0,0.0,0.0,,,,WT
AML_105_Dx,SRR3088335,SRR3088336,SRR15674467,p.Arg882His,,,882.0,,,1.0,0.0,0.0,0.0,0.9764945,,,R882
AML_105_Rel,SRR3088338,SRR3088339,SRR15674468,p.Arg882His,,,882.0,,,1.0,0.0,0.0,0.0,0.9764945,,,R882
AML_106_Dx,SRR3088340,SRR3088341,SRR15674469,p.Arg882His,p.Val867Gly,,882.0,867.0,,2.0,0.0,0.0,0.0,0.9764945,,,Other
AML_106_Rel,SRR3088343,SRR3088344,SRR15674470,p.Arg882His,,,882.0,,,1.0,0.0,0.0,0.0,0.9764945,,,R882
AML_108_Dx,SRR3088349,SRR3088351,SRR3088350,p.Arg882His,,,882.0,,,1.0,0.0,0.0,0.0,0.9764945,,,R882
AML_108_Rel,SRR3088353,SRR3088355,SRR3088354,p.Arg882His,,,882.0,,,1.0,0.0,0.0,0.0,0.9764945,,,R882
AML_109_Dx,SRR3088356,SRR3088358,SRR3088357,,,,,,,0.0,0.0,0.0,0.0,,,,WT
AML_109_Rel,SRR3088360,SRR3088362,SRR3088361,,,,,,,0.0,0.0,0.0,0.0,,,,WT
AML_110_Dx,SRR3088363,SRR3088364,,,,,,,,0.0,0.0,0.0,0.0,,,,WT
AML_110_Rel,SRR3088366,SRR3088367,,,,,,,,0.0,0.0,0.0,0.0,,,,WT
AML_111_Dx,SRR3088368,SRR3088369,SRR15674471,,,,,,,0.0,0.0,0.0,0.0,,,,WT
AML_111_Rel,SRR3088371,SRR3088372,SRR15674472,,,,,,,0.0,0.0,0.0,0.0,,,,WT
AML_113_Dx,SRR3088375,SRR3088376,SRR15674473,,,,,,,0.0,0.0,0.0,0.0,,,,WT
AML_113_Rel,SRR3088378,SRR3088379,SRR15674474,,,,,,,0.0,0.0,0.0,0.0,,,,WT
AML_114_Dx,SRR3088380,SRR3088381,,,,,,,,0.0,0.0,0.0,0.0,,,,WT
AML_114_Rel,SRR3088383,SRR3088384,,,,,,,,0.0,0.0,0.0,0.0,,,,WT
AML_115_Dx,SRR3088385,SRR3088386,,,,,,,,0.0,0.0,0.0,0.0,,,,WT
AML_115_Rel,SRR3088388,SRR3088389,,,,,,,,0.0,0.0,0.0,0.0,,,,WT
AML_116_Dx,SRR3088390,SRR3088392,SRR3088391,p.Arg882His,,,882.0,,,1.0,0.0,0.0,0.0,0.9764945,,,R882
AML_116_Rel,SRR3088394,SRR3088396,SRR3088395,p.Arg882His,,,882.0,,,1.0,0.0,0.0,0.0,0.9764945,,,R882
AML_119_Dx,SRR3088403,SRR3088404,SRR15674477,,,,,,,0.0,0.0,0.0,0.0,,,,WT
AML_119_Rel,SRR3088406,SRR3088407,SRR15674478,,,,,,,0.0,0.0,0.0,0.0,,,,WT
AML_121_Dx,SRR3088410,SRR3088411,SRR15674481,,,,,,,0.0,0.0,0.0,0.0,,,,WT
AML_121_Rel,SRR3088413,SRR3088414,SRR15674482,,,,,,,0.0,0.0,0.0,0.0,,,,WT
AML_123_Dx,SRR3088417,SRR3088418,SRR15674483,p.Arg882Cys,,,882.0,,,1.0,0.0,0.0,0.0,0.9764945,,,R882
AML_123_Rel,SRR3088420,SRR3088421,SRR15674484,p.Arg882Cys,,,882.0,,,1.0,0.0,0.0,0.0,0.9764945,,,R882
AML_124_Dx,SRR3088422,SRR3088424,SRR3088423,p.Arg882His,,,882.0,,,1.0,0.0,0.0,0.0,0.9764945,,,R882
AML_124_Rel,SRR3088426,SRR3088428,SRR3088427,p.Arg882His,,,882.0,,,1.0,0.0,0.0,0.0,0.9764945,,,R882
AML_126_Dx,SRR3088433,SRR3088434,,,,,,,,0.0,0.0,0.0,0.0,,,,WT
AML_126_Rel,SRR3088436,SRR3088437,,,,,,,,0.0,0.0,0.0,0.0,,,,WT
AML_127_Dx,SRR3088438,SRR3088439,SRR15674488,,,,,,,0.0,0.0,0.0,0.0,,,,WT
AML_127_Rel,SRR3088441,SRR3088442,SRR15674489,,,,,,,0.0,0.0,0.0,0.0,,,,WT
AML_128_Dx,SRR3088443,SRR3088445,SRR3088444,p.Ser714Cys,,,714.0,,,1.0,0.0,0.0,0.0,0.6880003,,,INS
AML_128_Rel,SRR3088447,SRR3088449,SRR3088448,p.Ser714Cys,,,714.0,,,1.0,0.0,0.0,0.0,0.6880003,,,INS
AML_133_Dx,SRR3088563,SRR3088565,SRR3088564,p.Pro700Thr,,,700.0,,,1.0,0.0,0.0,0.0,0.3495642,,,INS
AML_133_Rel,SRR3088567,SRR3088569,SRR3088568,p.Pro700Thr,,,700.0,,,1.0,0.0,0.0,0.0,0.3495642,,,INS
AML_135_Dx,SRR3088572,SRR3088573,SRR15674501,,,,,,,0.0,0.0,0.0,0.0,,,,WT
AML_135_Rel,SRR3088575,SRR3088576,SRR15674502,,,,,,,0.0,0.0,0.0,0.0,,,,WT
AML_139_Dx,SRR3088583,SRR3088585,SRR3088584,,,,,,,0.0,0.0,0.0,0.0,,,,WT
AML_139_Rel,SRR3088587,SRR3088589,SRR3088588,,,,,,,0.0,0.0,0.0,0.0,,,,WT
NBM_01,SRR3088592,,,,,,,,,,,,,,,,NBM
NBM_02,SRR3088593,,,,,,,,,,,,,,,,NBM
NBM_03,SRR3088594,,,,,,,,,,,,,,,,NBM
NBM_04,SRR3088595,,,,,,,,,,,,,,,,NBM
NBM_05,SRR3088596,,,,,,,,,,,,,,,,NBM
NBM_06,SRR3088597,,,,,,,,,,,,,,,,NBM
NBM_07,SRR3088598,,,,,,,,,,,,,,,,NBM
NBM_08,SRR3088599,,,,,,,,,,,,,,,,NBM
NBM_09,SRR3088600,,,,,,,,,,,,,,,,NBM
NBM_10,SRR3088601,,,,,,,,,,,,,,,,NBM
NBM_11,SRR3088602,,,,,,,,,,,,,,,,NBM
NBM_12,SRR3088603,,,,,,,,,,,,,,,,NBM
NBM_13,SRR3088604,,,,,,,,,,,,,,,,NBM
NBM_14,SRR3088605,,,,,,,,,,,,,,,,NBM
