name,Disease,DNMT3A_mut1,DNMT3A_pos1,DNMT3A_mutcount,DNMT3A_truncation1,DNMT3A_stability1,status
SNUH4794,AML,,,0,False,,WT
SNUH5053,AML,,,0,False,,WT
SNUH5070,AML,p.Arg882His,882.0,1,False,0.9764945,R882
SNUH5160,AML,chr2:25469482_SPLICE_SITE_REGION,,0,False,,WT
SNUH5174,AML,p.Arg882His,882.0,1,False,0.9764945,R882
SNUH5196,AML,p.Arg882Cys,882.0,1,False,0.9764945,R882
SNUH5323,AML,,,0,False,,WT
SNUH5347,MDS,p.Leu754Pro,754.0,1,False,0.3862334,INS
SNUH5553,AML,,,0,False,,WT
SNUH5576,AML,,,0,False,,WT
SNUH5696,AML,p.Arg882His,882.0,1,False,0.9764945,R882
SNUH5763,AML,p.Arg736Ser,736.0,1,False,0.3158816,INS
SNUH6002,AML,chr2:25536958_START_GAINED,,0,False,,WT
SNUH6076,AML,,,0,False,,WT
SNUH6407,MDS,,,0,False,,WT
SNUH4939,AML,,,0,False,,WT
SNUH5253,AML,,,0,False,,WT
SNUH5996,AML,,,0,False,,WT
SNUH5997,AML,,,0,False,,WT
SNUH6446,AML,,,0,False,,WT
