cohort,patient_id,age,gender,fab,cytogenetics,os_months,deceased,DNMT3A_status,normal_cytogenetics,DNMT3A_mutation
Timothy2010,104,50.0,M,M4,normal,12.0,True,R882,True,
Timothy2010,203,77.0,M,M0,normal,18.5,True,WT,True,
Timothy2010,237,46.0,M,M1,t(8;7;21),30.6,True,WT,False,
Timothy2010,245,68.0,F,M1,+21 only,4.9,True,WT,False,
Timothy2010,269,23.0,M,M2,+y,94.7,False,WT,False,
Timothy2010,295,76.0,F,M2,not done,1.3,True,WT,False,
Timothy2010,296,81.0,M,M4,normal,8.2,True,R882,True,
Timothy2010,103342,61.0,F,M2,normal,23.4,False,WT,True,
Timothy2010,104851,25.0,F,M2,normal,11.5,True,WT,True,
Timothy2010,108135,48.0,F,M2,"‐7, +21",82.9,False,WT,False,
Timothy2010,113971,57.0,F,M2,normal,28.4,True,INS,True,
Timothy2010,123172,56.0,M,M1,normal,53.9,True,WT,True,
Timothy2010,128392,65.0,M,M0,complex [no favorable],17.1,True,WT,False,
Timothy2010,141273,64.0,F,M2,normal,8.1,False,WT,True,
Timothy2010,142074,60.0,M,M4,normal,11.3,True,R882,True,
Timothy2010,146218,76.0,M,M1,inv(16),4.5,True,WT,False,
Timothy2010,147796,78.0,M,M4,complex [no favorable],1.3,True,WT,False,
Timothy2010,150288,51.0,M,M1,normal,8.4,False,WT,True,
Timothy2010,150951,39.0,F,M0,del(5) only,26.3,True,WT,False,
Timothy2010,156704,49.0,M,M4,inv(16),26.3,True,WT,False,
Timothy2010,179223,82.0,F,M2,normal,1.5,True,WT,True,
Timothy2010,180168,51.0,F,M5,normal,8.8,False,R882,True,
Timothy2010,186481,57.0,F,M4,normal,7.5,True,R882,True,
Timothy2010,195182,63.0,M,M2,"‐7,t(9;22)",9.3,True,WT,False,
Timothy2010,208027,62.0,F,M2,1 cell +7,10.2,True,Other,False,
Timothy2010,224143,67.0,F,M1,normal,0.8,True,INS,True,
Timothy2010,225373,71.0,F,M2,normal,0.8,True,WT,True,
Timothy2010,237983,59.0,M,M2,‐7 only,14.7,False,WT,False,
Timothy2010,242129,51.0,F,M4,complex [no favorable],40.0,False,WT,False,
Timothy2010,245450,63.0,M,M4,"+8,‐17",8.4,True,INS,False,
Timothy2010,246634,79.0,M,M4,normal,14.6,True,Other,True,
Timothy2010,254137,31.0,F,M2,normal,6.6,True,WT,True,
Timothy2010,255108,61.0,M,M0,+8,40.5,False,WT,False,
Timothy2010,258135,22.0,F,M2,"inv(16), t(3;3)",28.6,False,WT,False,
Timothy2010,263578,52.0,F,M2,t(8;21),82.4,False,WT,False,
Timothy2010,269542,76.0,M,M0,complex [no favorable],0.3,True,WT,False,
Timothy2010,273919,25.0,M,M2,normal,47.0,False,WT,True,
Timothy2010,274429,64.0,M,M1,+8,27.4,True,WT,False,
Timothy2010,275382,65.0,M,M0,+8,32.3,True,WT,False,
Timothy2010,275786,43.0,M,M2,t(8;21),7.1,False,WT,False,
Timothy2010,290344,49.0,F,M4,+11,28.4,False,R882,False,
Timothy2010,294154,44.0,M,M5,normal,0.3,True,INS,True,
Timothy2010,296361,31.0,F,M5,normal,7.5,True,R882,True,
Timothy2010,301733,76.0,M,M2,failed,19.3,True,WT,False,
Timothy2010,303818,41.0,F,M0,complex [no favorable],39.9,False,WT,False,
Timothy2010,311636,64.0,F,M4,normal,24.1,True,WT,True,
Timothy2010,312340,33.0,M,M2,"de(9),del(20)",8.8,True,WT,False,
Timothy2010,318433,55.0,M,M4,"t(2;4),inv(16)",76.7,False,WT,False,
Timothy2010,319955,45.0,F,M2,"1~50dmin,der(6)",44.5,False,WT,False,
Timothy2010,322110,60.0,F,M1,9qh+,21.4,False,WT,False,
Timothy2010,325028,44.0,M,M2,complex [no favorable],11.8,True,WT,False,
Timothy2010,326772,47.0,F,M2,complex [no favorable],12.2,True,WT,False,
Timothy2010,327733,32.0,F,M1,normal,56.3,True,WT,True,
Timothy2010,327929,50.0,M,M6,failed,8.9,True,WT,False,
Timothy2010,329614,68.0,F,M1,normal,9.6,False,WT,True,
Timothy2010,332131,24.0,M,M1,normal,14.1,False,WT,True,
Timothy2010,335640,67.0,F,M5,normal,2.5,True,R882,True,
Timothy2010,345701,48.0,F,M1,inv(16),13.7,False,WT,False,
Timothy2010,346190,64.0,F,M4,+i(11)(q10),8.1,True,R882,False,
Timothy2010,369065,59.0,M,M0,normal,20.2,True,INS,True,
Timothy2010,375182,57.0,M,M5,normal,7.9,True,R882,True,
Timothy2010,380949,59.0,F,M5,normal,11.8,True,WT,True,
Timothy2010,387919,57.0,F,M1,+8,15.1,True,WT,False,
Timothy2010,399253,77.0,M,M4,normal,15.8,True,R882,True,
Timothy2010,400220,34.0,F,M4,normal,10.7,True,WT,True,
Timothy2010,400830,73.0,F,M2,‐7,11.0,True,WT,False,
Timothy2010,407992,33.0,M,M4,"t(11;19),inv(12)",7.7,True,WT,False,
Timothy2010,410324,60.0,M,M5,complex [no favorable],24.2,False,WT,False,
Timothy2010,412761,48.0,M,M5,normal on PB,56.0,False,WT,False,
Timothy2010,415172,71.0,F,M0,complex [no favorable],4.6,True,WT,False,
Timothy2010,418499,35.0,M,M4,normal,17.0,True,WT,True,
Timothy2010,426980,68.0,M,M2,normal,46.8,True,WT,True,
Timothy2010,427366,66.0,F,M5,normal,0.7,True,WT,True,
Timothy2010,431799,44.0,F,M1,normal,24.8,True,R882,True,
Timothy2010,432398,67.0,M,M2,complex [no favorable],12.4,True,WT,False,
Timothy2010,433325,51.0,F,M2,normal,16.3,True,INS,True,
Timothy2010,434640,71.0,M,M0,complex [no favorable],7.0,True,WT,False,
Timothy2010,440422,69.0,M,M0,normal,16.6,False,WT,True,
Timothy2010,445045,75.0,M,M2,normal,50.2,False,WT,True,
Timothy2010,452198,55.0,M,M5,normal,41.4,False,R882,True,
Timothy2010,456892,58.0,M,M4,normal,34.5,False,INS,True,
Timothy2010,463352,25.0,M,M2,"‐Y,t(8;21),del(9)",6.7,False,WT,False,
Timothy2010,470690,58.0,M,M4,"i(17),+13",4.6,True,WT,False,
Timothy2010,494454,56.0,F,M5,‐X,63.9,True,R882,False,
Timothy2010,498463,60.0,F,M1,del(7)(q11.2) only,9.4,False,INS,False,
Timothy2010,499294,57.0,M,M4,inv(16),11.1,False,WT,False,
Timothy2010,507696,55.0,F,M4,inv(16),10.3,False,WT,False,
Timothy2010,509733,38.0,M,M1,normal,76.7,False,Other,True,
Timothy2010,509754,21.0,F,M1,normal,62.7,False,WT,True,
Timothy2010,514066,35.0,F,M1,t(8;21),8.0,True,WT,False,
Timothy2010,530962,76.0,M,M7,‐Y,9.9,True,INS,False,
Timothy2010,545259,30.0,F,M1,normal,23.3,False,WT,True,
Timothy2010,548327,51.0,M,M1,normal,19.6,False,WT,True,
Timothy2010,553863,69.0,M,M0,complex [no favorable],0.5,True,WT,False,
Timothy2010,558395,64.0,M,M4,del(11) only,0.3,True,WT,False,
Timothy2010,569053,77.0,M,M6,del(20),6.3,True,WT,False,
Timothy2010,570755,63.0,M,M2,t(11;19),3.9,True,WT,False,
Timothy2010,573988,67.0,F,M4,normal,20.5,True,WT,True,
Timothy2010,585686,26.0,M,M1,t(12;22),24.2,True,WT,False,
Timothy2010,593890,35.0,M,M2,+21,50.7,False,WT,False,
Timothy2010,594368,42.0,M,M1,complex [no favorable],12.9,False,Other,False,
Timothy2010,595704,67.0,F,M4,inv(16),22.3,False,WT,False,
Timothy2010,606061,37.0,F,M2,normal,9.3,True,WT,True,
Timothy2010,619751,57.0,F,M4,inv(16),45.8,True,WT,False,
Timothy2010,631879,76.0,M,M2,normal,17.4,True,WT,True,
Timothy2010,633734,53.0,M,M1,del(7)(q21q36),63.1,False,WT,False,
Timothy2010,645137,40.0,F,M2,"t(8;21), del(9)",76.5,False,WT,False,
Timothy2010,670224,62.0,M,M4,normal,14.5,True,WT,True,
Timothy2010,671473,42.0,F,M4,inv(16),40.9,False,WT,False,
Timothy2010,690397,45.0,M,M5,t(6;11),6.6,True,WT,False,
Timothy2010,692900,39.0,M,M0,"+del(5)q, t(10;11)",73.3,False,WT,False,
Timothy2010,700717,45.0,M,M0,normal,11.2,True,WT,True,
Timothy2010,702808,75.0,F,M5,normal,6.3,True,R882,True,
Timothy2010,708512,65.0,F,M4,complex [no favorable],7.8,True,R882,False,
Timothy2010,717456,50.0,F,M5,"‐7,t(9;11)",5.6,True,WT,False,
Timothy2010,721214,41.0,F,M1,failed,5.7,True,R882,False,
Timothy2010,724606,72.0,F,M2,normal,1.9,True,WT,True,
Timothy2010,730817,66.0,F,M5,normal,7.7,True,INS,True,
Timothy2010,737451,21.0,F,M5,normal,7.5,True,R882,True,
Timothy2010,740266,58.0,M,M0,complex [no favorable],23.6,False,R882,False,
Timothy2010,750152,34.0,F,M2,t(8;21),23.3,False,WT,False,
Timothy2010,753374,29.0,M,M2,normal,11.9,True,WT,True,
Timothy2010,767545,72.0,M,M2,+11 only,22.1,True,WT,False,
Timothy2010,775109,45.0,M,M5,normal,76.5,False,WT,True,
Timothy2010,804168,53.0,M,M1,normal,30.0,True,WT,True,
Timothy2010,807615,51.0,M,M1,normal,3.1,True,R882,True,
Timothy2010,807970,38.0,M,M1,normal,47.9,False,WT,True,
Timothy2010,808642,61.0,M,M1,normal,15.5,True,WT,True,
Timothy2010,809653,60.0,F,M1,complex [no favorable],1.9,True,WT,False,
Timothy2010,816067,35.0,F,M5,normal,21.7,False,R882,True,
Timothy2010,817156,54.0,M,M2,normal,32.9,False,R882,True,
Timothy2010,818119,40.0,F,M4,normal,19.7,True,WT,True,
Timothy2010,826984,51.0,F,M4,t(5;21),11.1,True,WT,False,
Timothy2010,831711,57.0,F,M1,normal,42.5,False,WT,True,
Timothy2010,849660,22.0,M,M1,normal,27.0,True,WT,True,
Timothy2010,851929,69.0,F,M1,+8,13.3,False,Other,False,
Timothy2010,862507,55.0,F,M4,"del(16),+22",50.9,False,WT,False,
Timothy2010,868231,63.0,M,M4,normal,5.3,True,WT,True,
Timothy2010,869586,23.0,M,M4,normal,19.0,True,WT,True,
Timothy2010,869922,56.0,F,M2,normal,16.4,True,R882,True,
Timothy2010,884262,54.0,M,M6,complex [no favorable],10.0,True,WT,False,
Timothy2010,905179,75.0,F,M2,"t(8;21), del(9)",19.2,True,WT,False,
Timothy2010,906708,76.0,F,M4,normal,25.8,True,WT,True,
Timothy2010,907786,81.0,F,M5,normal,9.2,True,WT,True,
Timothy2010,923966,61.0,M,M5,t(9;11),5.7,True,WT,False,
Timothy2010,933124,57.0,F,M1,normal,24.6,True,INS,True,
Timothy2010,936028,40.0,M,M2,normal,10.2,True,R882,True,
Timothy2010,938150,60.0,F,M7,complex [no favorable],13.6,True,WT,False,
Timothy2010,944281,31.0,M,M4,inv(16),27.2,False,WT,False,
Timothy2010,957664,76.0,M,M5,+8,0.6,True,INS,False,
Timothy2010,962561,76.0,F,M4,"+13,‐21",22.3,True,WT,False,
Timothy2010,972783,71.0,M,M0,+13,15.4,True,WT,False,
Timothy2010,974749,63.0,M,M1,"+8, +8",1.2,True,R882,False,
Timothy2010,975684,53.0,F,M1,+8 only,20.1,True,R882,False,
Timothy2010,982009,70.0,M,M1,normal,6.3,True,WT,True,
Timothy2010,984036,75.0,M,M1,"+21,+3",2.3,True,WT,False,
Timothy2010,986000,77.0,M,M7,complex [no favorable],4.5,True,WT,False,
Timothy2010,987523,27.0,M,M1,complex [no favorable],13.2,False,WT,False,
Timothy2010,989176,76.0,F,M1,normal,0.4,True,WT,True,
Timothy2010,991612,63.0,M,M2,normal,51.1,False,WT,True,
Timothy2010,992966,67.0,M,M1,normal,5.5,True,WT,True,
Timothy2010,997292,66.0,F,M2,normal,5.2,True,Other,True,
Timothy2010,93‐C‐184,45.0,M,M4,inv(16),128.8,False,WT,False,
Timothy2010,93‐C‐287,46.0,M,M4,inv(16),129.3,False,WT,False,
Timothy2010,93‐C‐290,37.0,F,M2,t(8;21),121.9,False,WT,False,
Timothy2010,93‐C‐44,51.0,F,M2,t(8;21),10.9,True,WT,False,
Timothy2010,94‐C‐022,28.0,F,M2,t(8;21),4.0,True,WT,False,
Timothy2010,94‐C‐024,54.0,M,M4,inv(16),32.5,True,WT,False,
Timothy2010,94‐C‐046,41.0,M,M4,del(9),23.1,True,R882,False,
Timothy2010,94‐C‐163,32.0,M,M1,del(9),123.2,False,WT,False,
Timothy2010,94‐C‐207,45.0,M,M4,normal,20.3,True,R882,True,
Timothy2010,94‐C‐240,38.0,F,M1,add(9),33.5,True,WT,False,
Timothy2010,C‐00‐102,48.0,M,M4,normal,12.3,True,R882,True,
Timothy2010,C‐00‐111,52.0,M,M2,normal,8.2,True,R882,True,
Timothy2010,C‐00‐155,59.0,M,M2,normal,9.4,True,WT,True,
Timothy2010,C‐00‐266,32.0,M,M2,normal,41.1,True,WT,True,
Timothy2010,C‐00‐391,37.0,F,M1,normal,11.0,True,WT,True,
Timothy2010,C‐00‐784,59.0,M,M1,normal,6.3,True,WT,True,
Timothy2010,C‐95‐058,54.0,F,M4,+21,26.2,True,INS,False,
Timothy2010,C‐95‐135,43.0,M,M2,normal,115.0,False,WT,True,
Timothy2010,C‐95‐318,49.0,F,M2,normal,11.8,True,WT,True,
Timothy2010,C‐97‐286,23.0,F,M4,normal,64.1,False,WT,True,
Timothy2010,C‐97‐398,34.0,F,M4,inv(16),88.1,False,WT,False,
Timothy2010,C‐97‐408,33.0,M,M4,normal,90.3,False,R882,True,
Timothy2010,C‐97‐464,49.0,F,M4,t(11;19),23.5,True,WT,False,
Timothy2010,C‐97‐509,37.0,M,M1,normal,14.2,True,INS,True,
Timothy2010,C‐97‐529,33.0,M,M1,normal,87.5,False,WT,True,
Timothy2010,C‐97‐553,54.0,F,M1,normal,3.4,True,R882,True,
Timothy2010,C‐97‐581,54.0,F,M1,normal,89.6,False,WT,True,
Timothy2010,C‐97‐592,30.0,F,M4,inv(16),86.2,False,WT,False,
Timothy2010,C‐97‐651,26.0,M,M1,normal,19.3,True,WT,True,
Timothy2010,C‐97‐779,58.0,M,M0,normal,16.5,True,WT,True,
Timothy2010,C‐97‐856,49.0,F,M2,normal,83.5,False,R882,True,
Timothy2010,C‐98‐1077,44.0,F,M1,‐13,10.1,True,R882,False,
Timothy2010,C‐98‐110,43.0,F,M4,normal,16.9,True,INS,True,
Timothy2010,C‐98‐1202,57.0,M,M4,normal,5.1,True,R882,True,
Timothy2010,C‐98‐1243,51.0,F,M2,normal,74.6,False,WT,True,
Timothy2010,C‐98‐1252,36.0,M,M2,"‐9, add(9), +mar",9.3,True,WT,False,
Timothy2010,C‐98‐1301,22.0,M,M1,del(7),74.8,False,WT,False,
Timothy2010,C‐98‐154,20.0,F,M2,normal,79.8,False,WT,True,
Timothy2010,C‐98‐183,41.0,M,M2,normal,3.2,True,WT,True,
Timothy2010,C‐98‐319,43.0,M,M0,t(3;3),16.7,True,WT,False,
Timothy2010,C‐98‐354,31.0,M,M2,+10,70.1,False,WT,False,
Timothy2010,C‐98‐358,22.0,F,M2,t(8;21),26.5,True,WT,False,
Timothy2010,C‐98‐383,32.0,M,M4,t(9;11),12.1,True,WT,False,
Timothy2010,C‐98‐395,55.0,M,M4,inv(16),14.4,True,WT,False,
Timothy2010,C‐98‐412,38.0,M,M0,t(11;19),80.1,False,WT,False,
Timothy2010,C‐98‐430,27.0,F,M1,normal,26.1,True,WT,True,
Timothy2010,C‐98‐520,39.0,F,M4,+21,16.0,True,WT,False,
Timothy2010,C‐98‐650,35.0,M,M4,inv(16),68.0,False,WT,False,
Timothy2010,C‐98‐840,37.0,F,M4,normal,6.2,True,INS,True,
Timothy2010,C‐98‐925,40.0,M,M4,inv(16),72.0,False,WT,False,
Timothy2010,C‐98‐974,23.0,M,M0,normal,13.0,True,WT,True,
Timothy2010,C‐99‐1142,51.0,F,M1,normal,60.1,False,WT,True,
Timothy2010,C‐99‐1148,30.0,F,M4,normal,14.4,True,R882,True,
Timothy2010,C‐99‐1255,22.0,M,M1,normal,55.4,False,WT,True,
Timothy2010,C‐99‐1632,50.0,F,M1,normal,5.7,True,INS,True,
Timothy2010,C‐99‐1646,42.0,M,M2,normal,53.4,False,WT,True,
Timothy2010,C‐99‐1652,56.0,M,M0,normal,25.0,True,WT,True,
Timothy2010,C‐99‐27,22.0,M,M4,t(6;9),7.4,True,WT,False,
Timothy2010,C‐99‐313,33.0,F,M2,normal,10.0,True,WT,True,
Timothy2010,C‐99‐325,48.0,F,M2,normal,63.0,False,WT,True,
Timothy2010,C‐99‐430,35.0,F,M2,normal,69.6,False,WT,True,
Timothy2010,C‐99‐474,25.0,M,M2,normal,13.1,True,Other,True,
Timothy2010,C‐99‐483,28.0,F,M2,normal,68.4,False,INS,True,
Timothy2010,C‐99‐508,55.0,M,M2,t(8;10;21),69.5,False,WT,False,
Timothy2010,C‐99‐550,38.0,M,M4,inv(16),71.2,False,WT,False,
Timothy2010,C‐99‐627,38.0,M,M2,t(8;21),13.5,True,WT,False,
Timothy2010,C‐99‐67,35.0,F,M1,normal,54.3,True,WT,True,
Timothy2010,C‐99‐709,59.0,F,M1,normal,56.9,False,WT,True,
Timothy2010,C‐99‐860,54.0,M,M4,normal,7.3,True,WT,True,
Timothy2010,C‐99‐901,38.0,F,M4,t(16;16),47.2,False,WT,False,
Timothy2010,C‐99‐934,37.0,F,M1,normal,65.7,False,WT,True,
BEATAML,aml_ohsu_2018_17,27.0,Female,,6q deletion,48.13,True,WT,False,
BEATAML,aml_ohsu_2018_45,70.0,Female,M1,Normal,16.81,True,WT,True,
BEATAML,aml_ohsu_2018_163,73.0,Male,M1,Normal,13.98,True,WT,True,
BEATAML,aml_ohsu_2018_174,69.0,Male,M4,trisomy 8,13.78,True,WT,False,
BEATAML,aml_ohsu_2018_175,59.0,Female,M4,trisomy 13,17.8,True,WT,False,
BEATAML,aml_ohsu_2018_191,60.0,Female,,Normal,12.96,True,WT,True,
BEATAML,aml_ohsu_2018_201,60.0,Male,NOS,Normal,12.5,False,WT,True,
BEATAML,aml_ohsu_2018_202,68.0,Male,,Missing ABL and ASS signal,40.72,True,WT,False,Negative
BEATAML,aml_ohsu_2018_550,71.0,Female,M5,Normal,13.06,True,WT,True,
BEATAML,aml_ohsu_2018_555,56.0,Male,NOS,Normal,57.07,True,WT,True,
BEATAML,aml_ohsu_2018_584,60.0,Male,,20/200 cells (10%) were missing a signal for D20S108 (20q12),42.04,True,WT,False,Negative
BEATAML,aml_ohsu_2018_635,55.0,Female,,Normal,23.26,True,WT,True,
BEATAML,aml_ohsu_2018_652,71.0,Male,NOS,Normal,10.16,True,WT,True,
BEATAML,aml_ohsu_2018_685,54.0,Male,M4,Trisomy 21,45.33,True,WT,False,
BEATAML,aml_ohsu_2018_707,53.0,Male,M1,Normal,24.34,True,WT,True,
BEATAML,aml_ohsu_2018_764,50.0,Female,,"While the chromosome 17 breakpoint is clearly within band 17q21 by metaphase chromosome analysis, these results suggest that it is not within the RARA gene",45.92,False,WT,False,
BEATAML,aml_ohsu_2018_825,72.0,Male,M4,Normal,0.1,True,WT,True,
BEATAML,aml_ohsu_2018_829,65.0,Male,M4,CBFB rearrangement,42.34,True,WT,False,
BEATAML,aml_ohsu_2018_924,72.0,Male,,,20.46,True,WT,False,Negative
BEATAML,aml_ohsu_2018_953,24.0,Male,M4,Normal,39.7,False,WT,True,Negative
BEATAML,aml_ohsu_2018_1054,60.0,Female,,Normal,45.36,False,INS,True,p.Q696fs*9; MAF 40%
BEATAML,aml_ohsu_2018_1058,24.0,Male,M4,inv(16),13.16,False,WT,False,Negative
BEATAML,aml_ohsu_2018_1060,33.0,Female,,,14.44,True,WT,False,
BEATAML,aml_ohsu_2018_1078,66.0,Male,M5,Normal,31.97,False,R882,True,p.R882H; MAF 50%
BEATAML,aml_ohsu_2018_1082,56.0,Male,NOS,Normal,8.13,True,Other,True,p.N879D; MAF 50%
BEATAML,aml_ohsu_2018_1086,53.0,Male,,Normal,24.74,True,WT,True,
BEATAML,aml_ohsu_2018_1094,41.0,Female,NOS,"RUNX1T1 / RUNX1 t(8;21): 87% of cells had a dual fusion signal pattern consistent with RUNX1T1/RUNX1 fusion and t(8;21), as seen on metaphase analysis.",45.95,False,WT,False,Negative
BEATAML,aml_ohsu_2018_1101,22.0,Female,M4,Normal,32.93,False,WT,True,Negative
BEATAML,aml_ohsu_2018_1105,53.0,Female,,RUNX1T1/RUNX1 fusion,6.55,False,WT,False,Negative
BEATAML,aml_ohsu_2018_1113,42.0,Female,M7,"Extra signals were observed for BCR (22q11.2), PML (15q22), MLL (11q23),     RUNX1T1 (8q21.3) and RUNX1 (21q22) in roughly 45-60% of interphase cells.     These results suggest the presence of a hyperdiploid clone.",8.98,True,WT,False,Negative
BEATAML,aml_ohsu_2018_1119,77.0,Male,,Monosomy 7,4.24,True,WT,False,Negative
BEATAML,aml_ohsu_2018_1126,51.0,Female,,Normal,7.27,True,R882,True,p.R882H; MAF 50%
BEATAML,aml_ohsu_2018_1137,53.0,Male,,,37.83,False,WT,False,Negative
BEATAML,aml_ohsu_2018_1153,35.0,Female,,,25.03,True,WT,False,Negative
BEATAML,aml_ohsu_2018_1157,53.0,Female,M4eo,Positive,82.96,False,WT,False,Negative
BEATAML,aml_ohsu_2018_1159,31.0,Male,,,29.67,False,WT,False,Negative
BEATAML,aml_ohsu_2018_1161,30.0,Female,,MLL disruption and t(9;11),8.88,True,WT,False,Negative
BEATAML,aml_ohsu_2018_1163,73.0,Male,,,10.86,True,WT,False,Negative
BEATAML,aml_ohsu_2018_1171,72.0,Female,,,13.82,True,WT,False,Negative
BEATAML,aml_ohsu_2018_1181,71.0,Female,,,23.65,True,WT,False,Negative
BEATAML,aml_ohsu_2018_1184,52.0,Male,,"nuc ish(RUNX1T1x4,RUNX1x3)[33/200],(5'MLL,3'MLL)x4(5'MLL con 3'MLLx4)[41/200],(PMLx4,RARAx3~4)[31/200],(5'CBFB,3'CBFB)x4(5'CBFB con 3'CBFBx4)[27/200]",40.69,True,WT,False,
BEATAML,aml_ohsu_2018_1187,63.0,Male,M4,Extra MLL signal,7.5,True,WT,False,
BEATAML,aml_ohsu_2018_1190,62.0,Male,M5,Normal,0.07,True,R882,True,p. R882C; MAF 50%
BEATAML,aml_ohsu_2018_1193,71.0,Male,,,4.18,True,WT,False,
BEATAML,aml_ohsu_2018_1196,77.0,Male,,,0.76,True,WT,False,Negative
BEATAML,aml_ohsu_2018_1197,40.0,Female,,"nuc ish(RUNX1T1,RUNX1)x2[200],(ABL1,BCR)x2[200],(5'MLL,3'MLL)x2(5'MLL sep 3'MLLx1) [179/200],(PML,RARA)x2[200],(5'CBFB,3'CBFB)x2(5'CBFB con 3'CBFBx2)[200]",15.99,False,WT,False,
BEATAML,aml_ohsu_2018_1224,79.0,Female,,,4.08,True,WT,False,
BEATAML,aml_ohsu_2018_1243,35.0,Female,M4,Trisomy 22,11.78,False,WT,False,
BEATAML,aml_ohsu_2018_1247,33.0,Female,,"nuc ish(D5S721,D5S23,EGR1)x2[200],(D7Z1,D7S522)x2[200],(D8Z2x3, D20S108x2)[7/200],(RUNX1T1,RUNX1)x2[197],(5'MLL,3'MLL)x2(5'MLL con 3'MLLx2)[200],(PML,RARA)x2[198], (CBFBx2)(5CBFB sep 3CBFBx1)[140/200]",48.68,False,WT,False,
BEATAML,aml_ohsu_2018_1255,55.0,Male,M5,MLL rearrangement and t(9;11),8.09,True,WT,False,
BEATAML,aml_ohsu_2018_1343,64.0,Female,,,33.59,False,WT,False,Negative
BEATAML,aml_ohsu_2018_1355,51.0,Female,,"nuc ish(RUNX1T1,RUNX1)x2[200],(5'MLL,3'MLL)x2(5'MLL con 3'MLLx2)[200],(PML,RARA)x2[200],(5'CBFB,3'CBFB)x2(5'CBFB con 3'CBFBx2)[200]",8.52,True,WT,False,
BEATAML,aml_ohsu_2018_1370,63.0,Male,,"nuc ish(D5S721,D5S23,EGR1)x2[198],(D7Z1,D7S522)x2[200],(D8Z2,D20S108)x2[200],(5'MLLx1,3'MLLx2)(5'MLL con 3'MLLx1)[118/200]",47.14,False,WT,False,
BEATAML,aml_ohsu_2018_1374,67.0,Male,,Normal,24.77,True,WT,True,
BEATAML,aml_ohsu_2018_1375,62.0,Female,,,7.86,False,WT,False,Negative
BEATAML,aml_ohsu_2018_1378,21.0,Male,M1,,19.9,False,WT,False,Negative
BEATAML,aml_ohsu_2018_1396,60.0,Male,,Normal,6.61,False,WT,True,Negative
BEATAML,aml_ohsu_2018_1397,55.0,Male,M4,Trisomy 8,12.7,True,WT,False,Negative
BEATAML,aml_ohsu_2018_1400,56.0,Male,,Normal,7.14,False,WT,True,Negative
BEATAML,aml_ohsu_2018_1406,72.0,Male,M5,,1.09,True,WT,False,Negative
BEATAML,aml_ohsu_2018_1409,74.0,Female,,,0.92,False,WT,False,
BEATAML,aml_ohsu_2018_1431,55.0,Male,,Normal,29.8,False,WT,True,
BEATAML,aml_ohsu_2018_1434,71.0,Female,M4,,31.32,False,WT,False,Negative
BEATAML,aml_ohsu_2018_1435,47.0,Female,,"nuc ish(D5S721,D5S23,EGR1)x2[200],(D7Z1,D7S522)x2[200],(D8Z2,D20S108)x2[200],(RUNX1T1, RUNX1)x2[200],(5'MLL,3'MLL)x2(5'MLL con 3'MLLx2)[198],(PML,RARA)x2[200],(5'CBFB,3'CBFB)x2(5'CBFB con 3'CBFBx2)[200]",19.14,True,WT,False,
BEATAML,aml_ohsu_2018_1438,71.0,Male,,,8.62,True,WT,False,Negative
BEATAML,aml_ohsu_2018_1443,80.0,Female,,,0.33,True,WT,False,
BEATAML,aml_ohsu_2018_1461,63.0,Female,M4,Normal,18.62,False,Other,True,p.T138I; MAF 50%
BEATAML,aml_ohsu_2018_1464,56.0,Male,,,6.51,True,WT,False,Negative
BEATAML,aml_ohsu_2018_1485,72.0,Male,M4,Previous FISH results were consistent with the deleted 5q and trisomy 9,8.29,True,WT,False,Negative
BEATAML,aml_ohsu_2018_1488,85.0,Male,,,11.74,True,WT,False,Negative
BEATAML,aml_ohsu_2018_1495,75.0,Male,,Normal,11.02,True,WT,True,
BEATAML,aml_ohsu_2018_1508,46.0,Male,M5,Normal,33.06,True,WT,True,
BEATAML,aml_ohsu_2018_1519,56.0,Male,,"nuc ish(D5S721x2,D5S23x2,EGR1x1)[182/200],(D7Z1,D7S522)x2[199], (RUNX1T1,RUNX1)x2[199],(5'MLL,3'MLL)x2(5'MLL con 3'MLLx2)[192],(PML,RARA)x2[198],(5'CBFB,3'CBFB)x2(5'CBFB sep 3'CBFBx1)[176/200]",13.85,True,WT,False,
BEATAML,aml_ohsu_2018_1532,46.0,Female,,Normal,25.92,False,R882,True,p.R882C; MAF 46%
BEATAML,aml_ohsu_2018_1533,57.0,Female,,"nuc ish(D5S721,D5S23,EGR1)x2[200],(D7Z1,D7S522)x2[200],(D8Z2,D20S108)x2[200], (5'MLL,3'MLL)x2(5'MLL con 3'MLLx2)[199],(RUNX1T1x3,RUNX1x2)[69/200]/(RUNX1T1x2,RUNX1x3)[7/200],(PML,RARA)x2 [200],(5'CBFB,3'CBFB)x2(5'CBFB con 3'CBFBx2)[200]",4.54,True,WT,False,
BEATAML,aml_ohsu_2018_1540,78.0,Female,,"nuc ish(D5S721x2,D5S23x2,EGR1x1)[57/200]/(D5S721x4,D5S23x4,EGR1x1)[29/200],(D7Z1,D7S522)x2[200],(D8Z2,D20S108)x2[200],(RUNX1T1,RUNX1)x2[200],(5'MLL,3'MLL)x2(5'MLL con 3'MLLx2)[199],(PML,RARA)x2[200],(5'CBFB,3'CBFB)x1(5'CBFB con 3'CBFBx1)[83/200]",1.22,True,WT,False,
BEATAML,aml_ohsu_2018_1545,72.0,Male,,,9.31,True,WT,False,Negative
BEATAML,aml_ohsu_2018_1546,65.0,Female,M4,Normal,14.44,True,R882,True,p.R882H; MAF 50%
BEATAML,aml_ohsu_2018_1554,34.0,Female,,,27.4,False,WT,False,
BEATAML,aml_ohsu_2018_1558,52.0,Female,,,1.18,False,WT,False,
BEATAML,aml_ohsu_2018_1566,71.0,Male,,,32.01,True,WT,False,
BEATAML,aml_ohsu_2018_1585,72.0,Female,,3q21.3q26.2 (RPN1/MECOM): rearrangement present,10.63,False,WT,False,
BEATAML,aml_ohsu_2018_1602,78.0,Male,,,23.19,True,WT,False,Negative
BEATAML,aml_ohsu_2018_1604,58.0,Male,,Normal,25.03,False,WT,True,
BEATAML,aml_ohsu_2018_1631,54.0,Male,M4,21q deletion,10.43,True,WT,False,
BEATAML,aml_ohsu_2018_1644,51.0,Female,M4eo,,26.15,False,WT,False,
BEATAML,aml_ohsu_2018_1651,75.0,Female,M2,Trisomy 8,2.63,True,WT,False,Negative
BEATAML,aml_ohsu_2018_1655,48.0,Female,M5,MLL rearrangement,15.07,False,WT,False,Negative
BEATAML,aml_ohsu_2018_1664,22.0,Female,M1,,14.9,False,WT,False,
BEATAML,aml_ohsu_2018_1666,62.0,Female,,Trisomy 9,5.49,True,WT,False,Negative
BEATAML,aml_ohsu_2018_1670,47.0,Male,M5,,7.5,True,WT,False,
BEATAML,aml_ohsu_2018_1675,44.0,Female,,Normal,11.25,True,WT,True,
BEATAML,aml_ohsu_2018_1689,68.0,Male,,c/w karyotype,12.66,True,WT,False,Negative
BEATAML,aml_ohsu_2018_1690,60.0,Female,,Normal,24.01,False,WT,True,
BEATAML,aml_ohsu_2018_1693,35.0,Male,,"nuc ish(ABL1,BCR)x2[200],(5'MLL,3'MLL)x2(5'MLL sep 3'MLLx1)[189/200],(PML,RARA)x2 [200],(5'CBFB,3'CBFB)x2(5'CBFB con 3'CBFBx2)[198]",40.33,False,WT,False,
BEATAML,aml_ohsu_2018_1700,60.0,Female,M1,,1.15,False,WT,False,
BEATAML,aml_ohsu_2018_1702,62.0,Male,,"nuc ish(D5S2064,D5S630,EGR1)x2[200],(D7Z1,D7S522)x2[200],(D8Z2,D20S108)x2[200],(RUNX1T1, RUNX1)x2[200],(5'MLL,3'MLL)x2(5'MLL con 3'MLLx2)[200],(PML,RARA)x2[200],(5'CBFB,3'CBFB)x2(5'CBFB con 3'CBFBx2)[200]",17.57,False,WT,False,
BEATAML,aml_ohsu_2018_1710,27.0,Female,M2,,8.22,False,WT,False,
BEATAML,aml_ohsu_2018_1719,57.0,Male,,"EGR1/5p; 88% of cells were missing a signal for both probes, consistent with monosomy 5",1.15,True,WT,False,Negative
BEATAML,aml_ohsu_2018_1721,68.0,Male,,"nuc ish(D5S2064,D5S630,EGR1)x2[200],(D7Z1,D7S522)x2[200],(D8Z2,D20S108)x2[200],(RUNX1T1, RUNX1)x2[200],(5'MLL,3'MLL)x2(5'MLL con 3'MLLx2)[200],(PML,RARA)x2[200],(5'CBFB,3'CBFB)x2(5'CBFB con 3'CBFBx2)[200]",32.11,False,R882,False,R882C; MAF 50%
BEATAML,aml_ohsu_2018_1723,71.0,Female,M5,,15.2,True,WT,False,Negative
BEATAML,aml_ohsu_2018_1730,75.0,Male,M5,Normal,10.76,True,INS,True,p.P777L; MAF 50%
BEATAML,aml_ohsu_2018_1737,53.0,Female,,"nuc ish(RUNX1T1,RUNX1)x2[200],(5'MLL,3'MLL)x2(5'MLL con 3'MLLx2)[200],(PML,RARA)x2[200], (5'CBFB,3'CBFB)x2(5'CBFB con 3'CBFBx2)[200]",4.51,True,R882,False,R882C; MAF 43%
BEATAML,aml_ohsu_2018_1739,69.0,Male,M0,Consistent with karyotype,15.46,True,WT,False,Negative
BEATAML,aml_ohsu_2018_1761,64.0,Female,M4,,18.72,False,WT,False,Negative
BEATAML,aml_ohsu_2018_1763,37.0,Male,M2,"RUNX1T1/RUNX1:   94% of cells had the dual fusion signal pattern consistent with RUNX1T1/RUNX1 fusion and t(8;21), as seen on metaphase analysis.",18.62,False,WT,False,
BEATAML,aml_ohsu_2018_1775,59.0,Female,,Normal,8.36,True,WT,True,
BEATAML,aml_ohsu_2018_1782,75.0,Male,,Normal,0.92,True,WT,True,Negative
BEATAML,aml_ohsu_2018_1783,57.0,Male,,Normal,8.06,True,WT,True,Negative
BEATAML,aml_ohsu_2018_1797,65.0,Male,M1,"all 100 interphase cells scored (100%) were missing one set of 13S319 and RB1 probe signals, consistent with deleted 13q and the metaphase karyotype",10.63,False,R882,False,p.R882H; MAF 44%
BEATAML,aml_ohsu_2018_1800,49.0,Female,M5,consistent with karyotype (68% del 17p13),15.2,False,WT,False,
BEATAML,aml_ohsu_2018_1814,32.0,Female,,"nuc ish(D8Z2x3,D20S108x2)[27/200]",27.4,False,WT,False,
BEATAML,aml_ohsu_2018_1820,39.0,Male,,MLL: 80% of cells had a split signal pattern consistent with the disruption of MLL due to the t(6;11).,7.11,True,WT,False,
BEATAML,aml_ohsu_2018_1843,84.0,Male,M0,,2.2,True,WT,False,Negative
BEATAML,aml_ohsu_2018_1845,69.0,Male,M4,FISH normal,2.96,False,WT,False,Negative
BEATAML,aml_ohsu_2018_1847,71.0,Male,M5,c/w karyotype,5.33,True,WT,False,Negative
BEATAML,aml_ohsu_2018_1848,61.0,Male,M1,Normal,14.54,False,WT,True,Negative
BEATAML,aml_ohsu_2018_1852,36.0,Female,M4,"CBFB; 76/100 cells (76%) had the abnormal 1 red/ 1 green/1 yellow signal pattern, reflecting CBFB rearrangement.",0.49,True,WT,False,Negative
BEATAML,aml_ohsu_2018_1868,65.0,Female,,,14.8,False,WT,False,Negative
BEATAML,aml_ohsu_2018_1870,61.0,Male,,Normal,3.42,True,WT,True,
BEATAML,aml_ohsu_2018_1876,71.0,Male,,Normal,15.76,False,WT,True,
BEATAML,aml_ohsu_2018_1916,75.0,Female,,,10.53,True,WT,False,Negative
BEATAML,aml_ohsu_2018_1919,80.0,Male,,"nuc ish(D5S2064,D5S630,EGR1)x2[200],(D7Z1,D7S522)x2[200],(D8Z2,D20S108)x2[200],(RUNX1T1,RUNX1)x2 [200],(5'MLL,3'MLL)x2(5'MLL con 3'MLLx2)[200],(PML,RARA)x2[200],(5'CBFB,3'CBFB)x2(5'CBFB con 3'CBFBx2)[200]",11.97,True,WT,False,
BEATAML,aml_ohsu_2018_1925,30.0,Female,,"nuc ish(D5S2064,D5S630,EGR1)x2[200],(D7Z1,D7S522)x2[199],(D8Z2,D20S108)x2 [199],(5'MLL,3'MLL)x2(5'MLL con 3'MLLx2)[200],(RUNX1T1,RUNX1)x2[200],(PML,RARA)x2[200], (5'CBFBx2,3'CBFBx1)(5CBFB sep 3'CBFBx1)[195/200],(ABL1,BCR)x2[200]",28.09,False,WT,False,
BEATAML,aml_ohsu_2018_1963,81.0,Male,,"nuc ish(RUNX1T1,RUNX1)x2[199],(ABL1,BCR)x2[200],(CCND1,IGH)x2[199]",2.37,True,WT,False,
BEATAML,aml_ohsu_2018_1969,42.0,Male,,,27.37,False,WT,False,
BEATAML,aml_ohsu_2018_1988,61.0,Male,,Normal,6.58,False,WT,True,Negative
BEATAML,aml_ohsu_2018_1998,42.0,Male,,Normal,1.15,True,WT,True,Negative
BEATAML,aml_ohsu_2018_2013,83.0,Female,,Monosomy 7,0.79,True,WT,False,
BEATAML,aml_ohsu_2018_2016,71.0,Female,,,28.55,False,WT,False,
BEATAML,aml_ohsu_2018_2028,29.0,Female,,Normal,15.66,False,WT,True,
BEATAML,aml_ohsu_2018_2032,65.0,Male,,"nuc ish(D5S2064,D5S630,EGR1)x2[200],(D7Z1,D7S522)x2[200],(D8Z2,D20S108)x2[199](RUNX1T1, RUNX1)x2[199],(5'MLL,3'MLL)x2(5'MLL con 3'MLLx2)[200],(PML,RARA)x2[200],(5'CBFB,3'CBFB)x2(5'CBFB con 3'CBFBx2)[200]",8.85,True,INS,False,W297*; MAF 44%
BEATAML,aml_ohsu_2018_2052,43.0,Female,M4,Normal,8.06,True,WT,True,Negative
BEATAML,aml_ohsu_2018_2053,59.0,Male,,"nuc ish(RUNX1T1,RUNX1)x2[200],(5'MLL,3'MLL)x2(5'MLL con 3'MLLx2)[200],(PML,RARA)x2[200], (5'CBFB,3'CBFB)x2(5'CBFB con 3'CBFBx2)[200]",14.14,True,WT,False,
BEATAML,aml_ohsu_2018_2059,60.0,Male,M4,Normal,28.62,True,WT,True,
BEATAML,aml_ohsu_2018_2068,65.0,Female,,,0.69,True,WT,False,Negative
BEATAML,aml_ohsu_2018_2069,64.0,Male,,c/w karyotype,2.24,False,WT,False,Negative
BEATAML,aml_ohsu_2018_2084,57.0,Female,,Normal,2.66,True,INS,True,F290fs*24; MAF 40%
BEATAML,aml_ohsu_2018_2087,48.0,Female,M5b,,14.31,False,Other,False,p.Arg882Cys; MAF 47.1%
BEATAML,aml_ohsu_2018_2091,60.0,Male,,FISH positive for CBFB rearrangement in 49% of cells,19.11,True,WT,False,
BEATAML,aml_ohsu_2018_2094,42.0,Female,,"nuc ish(RUNX1T1,RUNX1)x2[200],(5'MLL,3'MLL)x2(5'MLL con 3'MLLx2)[200],(PML, RARA)x3(PML con RARAx2)[154/200],(5'CBFB,3'CBFB)x2(5'CBFB con 3'CBFBx2)[200]",5.1,False,WT,False,
BEATAML,aml_ohsu_2018_2108,77.0,Female,,"(D5S2064x3~4,D5S630x3~4, EGR1x2)[7/200],(D7Z1,D7S522)x2[200],(D8Z2x3~5,D20S108x2)[115/200],(RUNX1T1x3~5,RUNX1x2)[109/200], (ABL1x2,BCRx3)[110/200],(5'MLL,3'MLL)x1(5'MLL con 3'MLLx1,5'MLL amp,3'MLL amp)[110/200],(ETV6,RUNX1)x2 [199],(PMLx4,RARAx3)[95/200],(5'CBFB,3'CBFB)x2(5'CBFB con 3'CBFBx2)[198]",0.95,True,WT,False,
BEATAML,aml_ohsu_2018_2119,76.0,Male,,"Seventeen of twenty cells examined were trisomy 8, previously observed.Two of the trisomy 8 cells had additional non-clonal abnormalities and two cells had an extra 1q attached to a chromosome 22 short arm, also previously observed.",17.11,True,WT,False,Negative
BEATAML,aml_ohsu_2018_2140,29.0,Male,,"MLL Rearrangement (53%), 6;11 translocations, ETV6 (44%), deleted chomosome 12 short arm",11.41,False,WT,False,Negative
BEATAML,aml_ohsu_2018_2142,69.0,Male,,,8.22,True,WT,False,
BEATAML,aml_ohsu_2018_2144,32.0,Male,,70% PML/RARA,9.61,False,WT,False,Negative
BEATAML,aml_ohsu_2018_2147,71.0,Male,,"nuc ish(D5S2064,D5S630,EGR1)x4[32/200],(D7Z1,D7S522)x4[17/200],(D8Z2, D20S108)x4[27/200],(RUNX1T1,RUNX1)x4[32/200],(5'MLL,3'MLL)x4(5'MLL con 3'MLLx4)[21/200],(PML,RARA)x4 [34/200],(5'CBFB,3'CBFB)x4(5'CBFB con 3'CBFBx4)[35/200]",9.47,True,WT,False,
BEATAML,aml_ohsu_2018_2167,65.0,Male,,Gain of 8q22 and 21q22 (88%),6.91,True,WT,False,
BEATAML,aml_ohsu_2018_2213,61.0,Male,M2,Normal,1.18,False,WT,True,
BEATAML,aml_ohsu_2018_2214,62.0,Female,M5,"MLL: 85%  The t(1;11) with these breakpoints in not common, but has been associated with monoblastic leukemia",0.89,False,WT,False,Negative
BEATAML,aml_ohsu_2018_2233,42.0,Female,,Normal,16.61,False,WT,True,
BEATAML,aml_ohsu_2018_2234,51.0,Male,M0,"EGR-1/ D5S23, D5S721: 60/100 cells (60%) had a 1 red/ 2 green signal pattern, indicating a deleted 5q, consistent with the first clone, above; 38 cells (38%) had a 2 red/ 4 green signal pattern, consistent with two copies of the deleted 5q in the second clone.",9.74,False,WT,False,Negative
BEATAML,aml_ohsu_2018_2235,24.0,Female,,Normal,20.82,True,WT,True,
BEATAML,aml_ohsu_2018_2236,68.0,Female,,,10.33,True,WT,False,Negative
BEATAML,aml_ohsu_2018_2254,52.0,Female,,"nuc ish(D4Z1,D10Z1)x2[200],(RUNX1T1,RUNX1)x2[200],(ABL1,BCR)x2[200],(5'MLL,3'MLL)x2(5'MLL con 3'MLLx2)[200],(ETV6,RUNX1)x2[200],(PML,RARA)x2[200],(5'CBFB,3'CBFB)x2(5'CBFB con 3'CBFBx2)[200]",20.82,True,WT,False,
BEATAML,aml_ohsu_2018_2260,70.0,Female,,,17.86,False,Other,False,c.2645G>A; MAF 41.8%
BEATAML,aml_ohsu_2018_2265,61.0,Male,,Normal,9.08,False,R882,True,p.R882H; MAF ~50%
BEATAML,aml_ohsu_2018_2269,54.0,Female,,- Gain of chromosome 8 in 55% of cells - Gain of 8q22 (ETO) sequence in 77.8% of cells; 21q22 (AML1) gain in 12% and loss in 77.8% cells,1.18,True,WT,False,
BEATAML,aml_ohsu_2018_2272,68.0,Male,M5,Normal,14.7,False,WT,True,
BEATAML,aml_ohsu_2018_2276,63.0,Female,,"EGR1 (5q31): 73% of cells were missing a signal for EGR1 (5q31), consistent with the deletion seen on metaphase analysis.  TP53 (17p13.1): 71% of cells were missing a signal for TP53 (17p13.1), consistent with the deletion seen on metaphase analysis.  RUNX1 (21q22): 77% of cells had three signals fo",0.82,True,WT,False,Negative
BEATAML,aml_ohsu_2018_2277,72.0,Female,M0,"nuc ish(D5S2064,D5S630,EGR1)x2[199],(D7Z1, D7S522)x2[199],(D8Z2,D20S108)x2[200],(RUNX1T1,RUNX1)x2[200],(5'MLL,3'MLL)x2(5'MLL con 3'MLLx2)[200], (PML,RARA)x2[200],(5'CBFB,3'CBFB)x2(5'CBFB con 3'CBFBx2)[200]",18.59,True,WT,False,
BEATAML,aml_ohsu_2018_2279,66.0,Female,,"IGH/MAF: 74/100 cells (74%) had variant abnormal 0-1 red/ 1-4 green/ 2-7 yellow signal patterns reflecting IGH/MAF fusion. The majority of cells (56%) were 0 red/ 1 green/ 3 yellow. IGH: 68/100 (68%) cells scored had signal patterns consistent with IGH rearrangement and the 14;16 translocation,above",27.57,False,WT,False,
BEATAML,aml_ohsu_2018_2281,35.0,Female,,"CBFB:  83/100 cells (83%) had the abnormal 1 red/ 1 green/1 yellow signal  pattern, reflecting CBFB rearrangement and consistent with the inverted  chromosome 16 in the metaphase karyotype.",6.18,False,WT,False,Negative
BEATAML,aml_ohsu_2018_2287,51.0,Male,,Normal,14.87,False,WT,True,
BEATAML,aml_ohsu_2018_2288,70.0,Female,,Normal,6.68,False,WT,True,Negative
BEATAML,aml_ohsu_2018_2290,66.0,Female,,Normal,6.02,False,WT,True,Negative
BEATAML,aml_ohsu_2018_2293,53.0,Female,M5,Normal,6.64,False,WT,True,
BEATAML,aml_ohsu_2018_2295,61.0,Male,M5,Normal,4.05,False,INS,True,p.S714C; MAF 35%
BEATAML,aml_ohsu_2018_2304,59.0,Male,,,8.42,True,Other,False,c.2251T>C; MAF 36.9% (33.1% on 3/13/15)
BEATAML,aml_ohsu_2018_2305,36.0,Male,,RUNX1T1/RUNX1: (92%),7.01,False,WT,False,
BEATAML,aml_ohsu_2018_2307,23.0,Male,,62% t(8;21) (RUNX1T1;RUNX1) translocation present,15.33,False,WT,False,
BEATAML,aml_ohsu_2018_2308,38.0,Male,,Normal,23.59,True,WT,True,
BEATAML,aml_ohsu_2018_2322,40.0,Male,,Normal,5.39,False,WT,True,
BEATAML,aml_ohsu_2018_2339,53.0,Female,,Normal,3.91,False,R882,True,p.R882H; MAF 45%
BEATAML,aml_ohsu_2018_2342,64.0,Male,M5,CBFB,6.48,False,WT,False,Negative
BEATAML,aml_ohsu_2018_2347,48.0,Male,,Normal,1.09,True,WT,True,
BEATAML,aml_ohsu_2018_2362,76.0,Female,,Normal,0.86,True,INS,True,p.R736H; MAF 45%
BEATAML,aml_ohsu_2018_2367,65.0,Female,,Normal,5.95,False,R882,True,p.R882C; MAF 44%
BEATAML,aml_ohsu_2018_2418,54.0,Male,,1% RUNX1T1,1.58,False,WT,False,Negative
BEATAML,aml_ohsu_2018_2420,24.0,Male,,Normal,6.15,False,WT,True,
BEATAML,aml_ohsu_2018_2421,72.0,Female,,Normal,5.89,True,Other,True,c.2645G>A; MAF 45.4%
BEATAML,aml_ohsu_2018_2422,44.0,Female,,"nuc ish(D5S2064,D5S630,EGR1)x2[200],(D7Z1,D7S522)x2[200],(D8Z2,D20S108)x2[199],(RUNX1T1, RUNX1)x2[200],(5'MLL,3'MLL)x2(5'MLL con 3'MLLx2)[199],(PML,RARA)x2[198],(5'CBFB,3'CBFB)x2(5'CBFB con 3'CBFBx2)[200]",19.28,False,WT,False,
BEATAML,aml_ohsu_2018_2444,52.0,Female,,,5.95,False,WT,False,
BEATAML,aml_ohsu_2018_2447,61.0,Female,,Normal,6.15,False,WT,True,
BEATAML,aml_ohsu_2018_2455,44.0,Female,,Normal,10.49,True,R882,True,p.R882H; MAF 48%
BEATAML,aml_ohsu_2018_2459,81.0,Female,M5,Normal,0.46,True,WT,True,
BEATAML,aml_ohsu_2018_2460,36.0,Female,,"CBFB: 191/200 cells (95.5%) had the abnormal 1 red/ 1 green/1 yellow signal pattern, reflecting CBFB rearrangement, consistent with the 16;16 translocation observed in the metaphase karyotype.",6.88,False,WT,False,
BEATAML,aml_ohsu_2018_2461,26.0,Male,,Normal,19.84,False,WT,True,
BEATAML,aml_ohsu_2018_2467,71.0,Male,,Normal,32.76,False,WT,True,
BEATAML,aml_ohsu_2018_2473,55.0,Male,,"nuc ish(D5S2064,D5S630,EGR1)x2[200],(D7Z1,D7S522)x2[199],(D8Z2,D20S108)x2[199],(RUNX1T1, RUNX1)x2[200],(5'MLL,3'MLL)x2(5'MLL con 3'MLLx2)[200],(PML,RARA)x2[200],(5'CBFB,3'CBFB)x2(5'CBFB con 3'CBFBx2)[200]",12.93,False,WT,False,
BEATAML,aml_ohsu_2018_2475,54.0,Female,,"nuc ish(D5S2064,D5S630,EGR1)x2[200],(D7Z1,D7S522)x2[200],(D8Z2,D20S108)x2[196],(5'MLL,3'MLL)x2(5'MLL con 3'MLLx2)[198]",18.62,False,WT,False,
BEATAML,aml_ohsu_2018_2490,51.0,Female,,Normal,6.61,False,WT,True,
BEATAML,aml_ohsu_2018_2496,53.0,Female,,"nuc ish(D5S2064,D5S630,EGR1)x2[200],(D7Z1,D7S522)x2[200],(D8Z2,D20S108)x2[200],(RUNX1T1, RUNX1)x2[200],(5'MLL,3'MLL)x2(5'MLL con 3'MLLx2)[200],(PML,RARA)x2[200],(5'CBFB,3'CBFB)x2(5'CBFB con 3'CBFBx2)[200]",17.01,False,WT,False,
BEATAML,aml_ohsu_2018_2497,24.0,Male,,Cytogenetic testing (FISH) for the t(15;17) - PML-RARA translocation is positive in about 98% of the cells (GLC-16-338);,0.92,False,WT,False,
BEATAML,aml_ohsu_2018_2498,69.0,Male,,"COMPLEX DEL(5q)/DEL(7q)/-7 CLONE OBSERVED, CONSISTENT WITH AML",0.43,False,WT,False,
BEATAML,aml_ohsu_2018_2501,37.0,Female,,Normal,0.56,False,WT,True,
BEATAML,aml_ohsu_2018_2508,72.0,Male,M1,"D5S721, EGR1  del(5q)/monosomy 5, D7Z1, D7S522  del(7q)/monosomy 7, D8Z2 trisomy #8, D20S108, 20qter del(20q)",3.13,False,WT,False,
BEATAML,aml_ohsu_2018_2515,36.0,Male,,Normal,16.91,False,WT,True,
BEATAML,aml_ohsu_2018_2519,42.0,Female,,Normal,3.42,False,WT,True,Negative
BEATAML,aml_ohsu_2018_2522,74.0,Male,,Monosomy 7 is detected in 87% of cells.,0.46,True,WT,False,
BEATAML,aml_ohsu_2018_2532,58.0,Male,M2,"t(8;22) clone observed, consistent with a neoplastic process",6.32,False,WT,False,Negative
BEATAML,aml_ohsu_2018_2538,67.0,Male,,Normal,17.37,False,R882,True,p.R882H; MAF 46%
BEATAML,aml_ohsu_2018_2571,67.0,Male,,Normal,1.02,False,WT,True,
BEATAML,aml_ohsu_2018_2584,58.0,Male,,"- 11q23 rearrangement involving the KMT2A (MLL) locus in  51/200 (25.5 percent) cells scored,  - 3 copies of the RUNX1 locus at 21q22 in 91/200 (45.5  percent) cells scored.",8.88,True,WT,False,
BEATAML,aml_ohsu_2018_2593,44.0,Female,,Normal,5.59,False,WT,True,
BEATAML,aml_ohsu_2018_2594,22.0,Female,,"nuc ish(D5S2064,D5S630,EGR1)x2[199],(D7Z1,D7S522)x2[200],(D8Z2,D20S108)x2[200],(RUNX1T1,RUNX1)x2[199],(5'MLL,3'MLL)x2(5'MLL con 3'MLLx2)[200],(PML,RARA)x2[200],(5'CBFB,3'CBFB)x2(5'CBFB con3'CBFBx2)[200]",15.26,False,WT,False,
BEATAML,aml_ohsu_2018_2595,62.0,Female,,Normal,5.56,True,Other,True,c.2645G>A; MAF 43.9%
BEATAML,aml_ohsu_2018_2597,64.0,Male,,Normal,14.47,False,R882,True,c.2645G>A; p.R882H
BEATAML,aml_ohsu_2018_2606,65.0,Female,,Normal,4.67,True,WT,True,
BEATAML,aml_ohsu_2018_2607,73.0,Female,,Normal,0.13,True,INS,True,p.R326P; MAF 50%
BEATAML,aml_ohsu_2018_2611,56.0,Female,,Normal,10.63,True,R882,True,c.2644C>T; p.R882C
BEATAML,aml_ohsu_2018_2628,59.0,Male,,Normal,6.18,False,R882,True,p.R882C; MAF 40%
BEATAML,aml_ohsu_2018_2630,46.0,Female,,Normal,6.32,False,WT,True,
BEATAML,aml_ohsu_2018_2640,50.0,Female,,Normal,5.49,False,R882,True,p.R882C; MAF 20%
BEATAML,aml_ohsu_2018_2653,37.0,Male,,Normal,15.59,False,WT,True,
BEATAML,aml_ohsu_2018_2665,65.0,Male,,"deleted 5q, deleted 7q, and monosomy 17 in the majority of cells scored. 52% of cells also had three RUNX1 (21q22) signals consistent with chromosome 21 material being present in marker and/or additional material of uncertain origin",4.61,False,WT,False,
BEATAML,aml_ohsu_2018_2675,75.0,Male,,Normal,4.97,False,R882,True,p.R882H; MAF 41%
BEATAML,aml_ohsu_2018_2688,58.0,Male,,Normal,9.14,True,INS,True, p.Trp297* (NM_175629.2); MAF 82.1%
BEATAML,aml_ohsu_2018_2694,50.0,Male,,RUNX1/RUNX1T1 fusion negative,13.95,False,WT,False,
BEATAML,aml_ohsu_2018_2704,29.0,Female,,Normal,4.24,True,WT,True,
BEATAML,aml_ohsu_2018_2706,33.0,Female,,This analysis showed evidence of a PML-RARA rearrangement in 177/200 (88.5 percent) interphase cells scored.,15.39,False,WT,False,
BEATAML,aml_ohsu_2018_2712,34.0,Male,,D7S522/CEP 7: 65/100 cells (65%) had a signal pattern consistent with the deleted chromosome 7 long arm from the small marker observed in the metaphase karyotype; 9 cells (9%) had a signal pattern consistent with the monosomy 7 sideline observed in the metaphase karyotype.,9.57,True,WT,False,
BEATAML,aml_ohsu_2018_2713,47.0,Male,,Normal,12.53,False,WT,True,
BEATAML,aml_ohsu_2018_2714,34.0,Female,,Positive for rearrangement of the CBFB gene at 16q22 on chromosome 16. Negative for BCR-ABL1 translocation or other abnormalities in this panel.,6.64,False,WT,False,Negative
BEATAML,aml_ohsu_2018_2715,26.0,Female,,"CBFB: 88% of cells were missing a signal for CBFB, consistent withdeletion associated with the unbalanced t(4;16) seen on chromosome analysis. No evidence for disruption. This probe will be useful in following this abnormal clone.",11.58,False,WT,False,
BEATAML,aml_ohsu_2018_3975,46.0,Male,,"nuc ish(RUNX1T1,RUNX1)x2[200],(5'MLL,3'MLL)x2(5'MLL con 3'MLLx2)[200],(PML,RARA)x2[200],(5'CBFB,3'CBFB)x2(5'CBFB con 3'CBFBx2)[200]",0.3,True,WT,False,
BEATAML,aml_ohsu_2018_3978,59.0,Male,,"5p15.2/5q31(EGR1), 7 centromere/7q31, 8 centromere/20q12, 12 centromere/13q14 D13S319/13q34 (13qter)",60.0,True,WT,False,
BEATAML,aml_ohsu_2018_4028,61.0,Female,,Normal,6.22,False,WT,True,
BEATAML,aml_ohsu_2018_4030,60.0,Female,M5,Normal,6.48,False,WT,True,
BEATAML,aml_ohsu_2018_4042,61.0,Female,,Normal,0.26,True,WT,True,
BEATAML,aml_ohsu_2018_4043,25.0,Male,,,14.61,False,WT,False,
BEATAML,aml_ohsu_2018_4075,42.0,Male,,11q23 rearrangement involving the  KMT2A (MLL) locus in 184/200 (92.0 percent) cells scored,7.34,False,WT,False,
BEATAML,aml_ohsu_2018_4078,52.0,Female,,"nuc ish(RUNX1T1,RUNX1)x2[200],(ABL1,BCR)x2[200],(5'MLL,3'MLL)x2(5'MLL con 3'MLLx2)[200],(PMLx2,RARAx1)[147/200],(5'CBFB,3'CBFB)x1(5'CBFB con 3'CBFBx1)[125/200]",0.33,True,WT,False,
BEATAML,aml_ohsu_2018_4083,69.0,Female,,,8.39,False,WT,False,
BEATAML,aml_ohsu_2018_4196,55.0,Female,,Probe: 8 centromere/20q12,5.03,False,WT,False,Negative
BEATAML,aml_ohsu_2018_4201,52.0,Female,,Normal,13.62,False,R882,True,p.R882C; MAF 45%
BEATAML,aml_ohsu_2018_4202,62.0,Female,,"nuc ish(RUNX1T1x2,RUNX1x1)[34/200],(ABL1x2,BCRx1)[51/200],(5'MLL,3'MLL)x2(5'MLL con 3'MLLx2)[200],(PML,RARA)x2[200],(5'CBFB,3'CBFB)x2(5'CBFB con 3'CBFBx2)[199]",4.9,True,WT,False,
BEATAML,aml_ohsu_2018_4205,67.0,Female,,,30.49,False,WT,False,
BEATAML,aml_ohsu_2018_4207,78.0,Male,,"nuc ish(RUNX1T1,RUNX1)x2[200],(ABL1,BCR)x2[200],(5'MLL,3'MLL)x2(5'MLL con 3'MLLx2)[200],(PML,RARA)x2[200],(5'CBFB,3'CBFB)x2(5'CBFB con 3'CBFBx2)[200]",12.24,True,WT,False,
BEATAML,aml_ohsu_2018_4230,44.0,Female,,"nuc ish(RUNX1T1,RUNX1)x2[200],(ABL1,BCR)x2[200],(5'MLL,3'MLL)x2(5'MLL con 3'MLLx2)[200],(PML,RARA)x2[200],(5'CBFB,3'CBFB)x2(5'CBFB con 3'CBFBx2)[200]",7.11,False,WT,False,
BEATAML,aml_ohsu_2018_4231,65.0,Male,,"nuc ish (PML,RARA)x2[199]",0.07,True,WT,False,
BEATAML,aml_ohsu_2018_4232,72.0,Female,,"nuc ish(D4Z1,D10Z1)x2[200],(D5S2064x2,D5S630x2,EGR1x1)[196/200],(D7Z1,D7S522)x2[200], (D8Z2,D20S108)x2[197],(RUNX1T1,RUNX1)x2[200],(ABL1,BCR)x2[200],(5'MLL,3'MLL)x3(5'MLL con 3'MLLx3) [142/200],(ETV6,RUNX1)x2[200],(PML,RARA)x2[200],(5'CBFB,3'CBFB)x1(5'CBFB con 3'CBFBx1)[200]",11.78,False,WT,False,
BEATAML,aml_ohsu_2018_4235,33.0,Male,,Positive for CBFB rearrangment for 91% of cells,3.82,False,WT,False,Negative
BEATAML,aml_ohsu_2018_4239,61.0,Male,,Normal,6.05,False,INS,True,p.Arg326Cys; MAF 44.5%
BEATAML,aml_ohsu_2018_4240,46.0,Female,,Normal,11.84,True,R882,True,p.R882H; MAF 35% (previously 32% on 10/10/16)
BEATAML,aml_ohsu_2018_4248,81.0,Male,,Normal,11.68,False,WT,True,Negative
BEATAML,aml_ohsu_2018_4263,63.0,Male,,Normal,12.99,False,Other,True,p.Thr835Met; MAF 47%
BEATAML,aml_ohsu_2018_4271,47.0,Male,,,10.43,False,WT,False,Negative
BEATAML,aml_ohsu_2018_4273,73.0,Male,,"nuc ish(RUNX1T1,RUNX1)x2[200],(ABL1,BCR)x2[200],(5'MLL,3'MLL)x2(5'MLL con 3'MLLx2)[195],(PML, RARA)x2[200],(5'CBFB,3'CBFB)x2(5'CBFB con 3'CBFBx2)[200]",1.02,True,WT,False,
BEATAML,aml_ohsu_2018_4275,39.0,Female,,,13.13,False,WT,False,
BEATAML,aml_ohsu_2018_4291,73.0,Female,,Loss of RARA gene at 17q21 is detected in 69% of cells Gain of MLL gene at 11q23 is detected in 8% of cells.,4.01,False,WT,False,
BEATAML,aml_ohsu_2018_4299,38.0,Female,,Normal,9.97,False,R882,True,p.R882H; MAF 46%
BEATAML,aml_ohsu_2018_4307,61.0,Female,,,11.88,False,Other,False,VAF: 42.8%
BEATAML,aml_ohsu_2018_4324,66.0,Male,,,9.87,False,WT,False,
BEATAML,aml_ohsu_2018_4336,44.0,Female,,,17.24,False,WT,False,
BEATAML,aml_ohsu_2018_4363,55.0,Male,,Normal,9.28,True,WT,True,Negative
TCGA-LAML,TCGA-AB-2806,46.0,Male,M1,RUNX1-RUNX1T1,30.6,True,WT,False,
TCGA-LAML,TCGA-AB-2815,49.0,Male,M4,CBFB-MYH11,26.3,True,WT,False,
TCGA-LAML,TCGA-AB-2819,52.0,Female,M2,RUNX1-RUNX1T1,95.6,False,WT,False,
TCGA-LAML,TCGA-AB-2828,55.0,Male,M4,CBFB-MYH11,99.9,False,WT,False,
TCGA-LAML,TCGA-AB-2846,57.0,Female,M4,CBFB-MYH11,45.8,True,WT,False,
TCGA-LAML,TCGA-AB-2858,75.0,Female,M2,RUNX1-RUNX1T1,19.2,True,WT,False,
TCGA-LAML,TCGA-AB-2870,76.0,Male,M1,CBFB-MYH11,4.5,True,WT,False,
TCGA-LAML,TCGA-AB-2875,43.0,Male,M2,RUNX1-RUNX1T1,27.7,False,WT,False,
TCGA-LAML,TCGA-AB-2881,48.0,Female,M1,CBFB-MYH11,29.7,False,WT,False,
TCGA-LAML,TCGA-AB-2886,25.0,Male,M2,RUNX1-RUNX1T1,29.4,False,WT,False,
TCGA-LAML,TCGA-AB-2888,57.0,Male,M4,CBFB-MYH11,33.5,False,WT,False,
TCGA-LAML,TCGA-AB-2889,55.0,Female,M4,CBFB-MYH11,34.3,False,WT,False,
TCGA-LAML,TCGA-AB-2892,42.0,Female,M4,CBFB-MYH11,59.3,False,WT,False,
TCGA-LAML,TCGA-AB-2914,22.0,Female,M2,CBFB-MYH11,48.3,False,WT,False,
TCGA-LAML,TCGA-AB-2937,35.0,Female,M1,RUNX1-RUNX1T1,8.0,True,WT,False,
TCGA-LAML,TCGA-AB-2942,67.0,Female,M4,CBFB-MYH11,43.5,False,WT,False,
TCGA-LAML,TCGA-AB-2950,34.0,Female,M2,RUNX1-RUNX1T1,40.3,False,WT,False,
TCGA-LAML,TCGA-AB-2954,55.0,Female,M4,CBFB-MYH11,68.3,False,WT,False,
TCGA-LAML,TCGA-AB-2957,31.0,Male,M4,CBFB-MYH11,20.1,False,WT,False,
TCGA-LAML,TCGA-AB-2802,50.0,Male,M4,Normal Karyotype,12.0,True,R882,True,
TCGA-LAML,TCGA-AB-2805,77.0,Male,M0,Normal Karyotype,18.5,True,WT,True,
TCGA-LAML,TCGA-AB-2807,68.0,Female,M1,Intermediate Risk Cytogenetic Abnormality,4.9,True,WT,False,
TCGA-LAML,TCGA-AB-2808,23.0,Male,M2,Intermediate Risk Cytogenetic Abnormality,118.1,False,WT,False,
TCGA-LAML,TCGA-AB-2809,64.0,Female,M2,Normal Karyotype,2.2,True,R882,True,
TCGA-LAML,TCGA-AB-2811,81.0,Male,M4,Normal Karyotype,8.2,True,R882,True,
TCGA-LAML,TCGA-AB-2812,25.0,Female,M2,Normal Karyotype,11.5,True,WT,True,
TCGA-LAML,TCGA-AB-2816,57.0,Female,M4,Normal Karyotype,7.5,True,R882,True,
TCGA-LAML,TCGA-AB-2818,62.0,Female,M2,Normal Karyotype,10.2,True,Other,True,
TCGA-LAML,TCGA-AB-2821,64.0,Male,M1,Intermediate Risk Cytogenetic Abnormality,27.4,True,WT,False,
TCGA-LAML,TCGA-AB-2822,65.0,Male,M0,Intermediate Risk Cytogenetic Abnormality,32.3,True,WT,False,
TCGA-LAML,TCGA-AB-2824,44.0,Male,M5,Normal Karyotype,0.3,True,INS,True,
TCGA-LAML,TCGA-AB-2825,31.0,Female,M5,Normal Karyotype,7.5,True,R882,True,
TCGA-LAML,TCGA-AB-2826,64.0,Female,M4,Normal Karyotype,24.1,True,WT,True,
TCGA-LAML,TCGA-AB-2827,33.0,Male,M2,Normal Karyotype,8.8,True,WT,True,
TCGA-LAML,TCGA-AB-2830,64.0,Female,M4,Intermediate Risk Cytogenetic Abnormality,8.1,True,R882,False,
TCGA-LAML,TCGA-AB-2831,59.0,Male,M0,Normal Karyotype,20.2,True,WT,True,
TCGA-LAML,TCGA-AB-2833,77.0,Male,M4,Normal Karyotype,15.8,True,R882,True,
TCGA-LAML,TCGA-AB-2835,48.0,Male,M5,Normal Karyotype,77.3,False,WT,True,
TCGA-LAML,TCGA-AB-2837,66.0,Female,M5,Normal Karyotype,0.7,True,WT,True,
TCGA-LAML,TCGA-AB-2839,51.0,Female,M2,Normal Karyotype,16.3,True,INS,True,
TCGA-LAML,TCGA-AB-2843,77.0,Male,M6,Intermediate Risk Cytogenetic Abnormality,6.3,True,WT,False,
TCGA-LAML,TCGA-AB-2845,37.0,Female,M2,Normal Karyotype,9.3,True,WT,True,
TCGA-LAML,TCGA-AB-2848,62.0,Male,M4,Normal Karyotype,14.5,True,WT,True,
TCGA-LAML,TCGA-AB-2851,66.0,Female,M5,Normal Karyotype,7.7,True,INS,True,
TCGA-LAML,TCGA-AB-2853,51.0,Male,M1,Normal Karyotype,3.1,True,R882,True,
TCGA-LAML,TCGA-AB-2854,51.0,Female,M4,Intermediate Risk Cytogenetic Abnormality,11.1,True,WT,False,
TCGA-LAML,TCGA-AB-2859,40.0,Male,M2,Normal Karyotype,10.2,True,R882,True,
TCGA-LAML,TCGA-AB-2864,53.0,Female,M1,Intermediate Risk Cytogenetic Abnormality,20.1,True,R882,False,
TCGA-LAML,TCGA-AB-2865,75.0,Male,M1,Intermediate Risk Cytogenetic Abnormality,2.3,True,WT,False,
TCGA-LAML,TCGA-AB-2866,67.0,Male,M1,Normal Karyotype,5.5,True,WT,True,
TCGA-LAML,TCGA-AB-2867,66.0,Female,M2,Normal Karyotype,5.2,True,Other,True,
TCGA-LAML,TCGA-AB-2869,64.0,Female,M2,Normal Karyotype,27.1,False,INS,True,
TCGA-LAML,TCGA-AB-2871,51.0,Male,M1,Normal Karyotype,22.6,False,WT,True,
TCGA-LAML,TCGA-AB-2873,51.0,Female,M5,Normal Karyotype,32.7,False,R882,True,
TCGA-LAML,TCGA-AB-2877,60.0,Female,M1,Normal Karyotype,41.4,False,WT,True,
TCGA-LAML,TCGA-AB-2879,68.0,Female,M1,Normal Karyotype,31.9,False,WT,True,
TCGA-LAML,TCGA-AB-2880,24.0,Male,M1,Normal Karyotype,20.5,True,WT,True,
TCGA-LAML,TCGA-AB-2884,44.0,Female,M1,Normal Karyotype,24.8,True,R882,True,
TCGA-LAML,TCGA-AB-2890,69.0,Male,M0,Intermediate Risk Cytogenetic Abnormality,0.5,True,WT,False,
TCGA-LAML,TCGA-AB-2894,50.0,Female,M5,"MLL translocation, t(9;11)",5.6,True,WT,False,
TCGA-LAML,TCGA-AB-2896,21.0,Female,M5,Normal Karyotype,7.5,True,R882,True,
TCGA-LAML,TCGA-AB-2898,69.0,Female,M1,Intermediate Risk Cytogenetic Abnormality,36.1,False,Other,False,
TCGA-LAML,TCGA-AB-2899,76.0,Female,M4,Intermediate Risk Cytogenetic Abnormality,22.3,True,WT,False,
TCGA-LAML,TCGA-AB-2900,70.0,Male,M1,Normal Karyotype,6.3,True,WT,True,
TCGA-LAML,TCGA-AB-2903,76.0,Female,M1,Normal Karyotype,0.4,True,WT,True,
TCGA-LAML,TCGA-AB-2907,69.0,Male,M0,Normal Karyotype,25.5,True,WT,True,
TCGA-LAML,TCGA-AB-2909,22.0,Male,nc,Normal Karyotype,26.1,False,WT,True,
TCGA-LAML,TCGA-AB-2912,63.0,Male,M4,Intermediate Risk Cytogenetic Abnormality,8.4,True,INS,False,
TCGA-LAML,TCGA-AB-2913,61.0,Male,M0,Intermediate Risk Cytogenetic Abnormality,52.6,False,WT,False,
TCGA-LAML,TCGA-AB-2916,49.0,Female,M4,Intermediate Risk Cytogenetic Abnormality,45.3,False,R882,False,
TCGA-LAML,TCGA-AB-2919,54.0,Female,M1,Normal Karyotype,26.8,False,INS,True,
TCGA-LAML,TCGA-AB-2921,55.0,Female,M4,Normal Karyotype,8.1,True,WT,True,
TCGA-LAML,TCGA-AB-2922,83.0,Male,M0,Normal Karyotype,0.1,True,WT,True,
TCGA-LAML,TCGA-AB-2923,78.0,Male,M4,Normal Karyotype,0.6,True,WT,True,
TCGA-LAML,TCGA-AB-2924,59.0,Male,M4,Normal Karyotype,26.0,False,WT,True,
TCGA-LAML,TCGA-AB-2925,57.0,Male,M5,Normal Karyotype,7.9,True,R882,True,
TCGA-LAML,TCGA-AB-2926,57.0,Female,M1,Intermediate Risk Cytogenetic Abnormality,15.1,True,WT,False,
TCGA-LAML,TCGA-AB-2927,88.0,Female,M1,Normal Karyotype,2.4,True,WT,True,
TCGA-LAML,TCGA-AB-2931,75.0,Male,M2,Normal Karyotype,0.1,True,R882,True,
TCGA-LAML,TCGA-AB-2932,62.0,Male,M5,Normal Karyotype,42.1,False,WT,True,
TCGA-LAML,TCGA-AB-2933,58.0,Male,M4,Intermediate Risk Cytogenetic Abnormality,4.6,True,WT,False,
TCGA-LAML,TCGA-AB-2934,65.0,Male,M1,Normal Karyotype,6.6,False,Other,True,
TCGA-LAML,TCGA-AB-2936,60.0,Female,M0,Normal Karyotype,13.8,False,WT,True,
TCGA-LAML,TCGA-AB-2938,76.0,Male,M7,Normal Karyotype,9.9,True,INS,True,
TCGA-LAML,TCGA-AB-2940,35.0,Male,M2,Intermediate Risk Cytogenetic Abnormality,55.4,True,WT,False,
TCGA-LAML,TCGA-AB-2947,52.0,Male,M4,Normal Karyotype,25.9,False,R882,True,
TCGA-LAML,TCGA-AB-2948,67.0,Male,M4,Normal Karyotype,18.1,True,WT,True,
TCGA-LAML,TCGA-AB-2955,56.0,Female,M2,Normal Karyotype,16.4,True,R882,True,
TCGA-LAML,TCGA-AB-2956,61.0,Male,M5,"MLL translocation, t(9;11)",5.7,True,WT,False,
TCGA-LAML,TCGA-AB-2959,71.0,Male,M0,Intermediate Risk Cytogenetic Abnormality,15.4,True,WT,False,
TCGA-LAML,TCGA-AB-2963,56.0,Male,M1,Normal Karyotype,53.9,True,WT,True,
TCGA-LAML,TCGA-AB-2964,57.0,Female,M1,Normal Karyotype,59.5,False,WT,True,
TCGA-LAML,TCGA-AB-2965,60.0,Male,M4,Normal Karyotype,11.3,True,R882,True,
TCGA-LAML,TCGA-AB-2966,57.0,Female,M2,Normal Karyotype,28.4,True,INS,True,
TCGA-LAML,TCGA-AB-2967,58.0,Male,M4,Normal Karyotype,56.5,False,INS,True,
TCGA-LAML,TCGA-AB-2968,79.0,Male,M4,Normal Karyotype,14.6,True,Other,True,
TCGA-LAML,TCGA-AB-2969,55.0,Male,M5,Normal Karyotype,62.3,False,R882,True,
TCGA-LAML,TCGA-AB-2970,34.0,Female,M4,Normal Karyotype,10.7,True,WT,True,
TCGA-LAML,TCGA-AB-2971,76.0,Female,M4,Normal Karyotype,25.8,True,WT,True,
TCGA-LAML,TCGA-AB-2972,82.0,Female,M2,Normal Karyotype,1.5,True,WT,True,
TCGA-LAML,TCGA-AB-2973,67.0,Female,M4,Normal Karyotype,20.5,True,WT,True,
TCGA-LAML,TCGA-AB-2974,67.0,Female,M5,Normal Karyotype,2.5,True,R882,True,
TCGA-LAML,TCGA-AB-2975,54.0,Male,M2,Normal Karyotype,34.0,True,WT,True,
TCGA-LAML,TCGA-AB-2976,53.0,Male,M1,Normal Karyotype,30.0,True,WT,True,
TCGA-LAML,TCGA-AB-2977,71.0,Female,M2,Normal Karyotype,0.8,True,WT,True,
TCGA-LAML,TCGA-AB-2978,61.0,Female,M2,Normal Karyotype,44.8,False,WT,True,
TCGA-LAML,TCGA-AB-2979,30.0,Female,M1,Normal Karyotype,47.0,False,WT,True,
TCGA-LAML,TCGA-AB-2981,35.0,Female,M5,Normal Karyotype,44.4,False,R882,True,
TCGA-LAML,TCGA-AB-2983,45.0,Male,M0,Normal Karyotype,11.2,True,WT,True,
TCGA-LAML,TCGA-AB-2984,38.0,Male,M1,Normal Karyotype,71.3,False,WT,True,
TCGA-LAML,TCGA-AB-2986,31.0,Female,M2,Normal Karyotype,6.6,True,WT,True,
TCGA-LAML,TCGA-AB-2987,75.0,Female,M5,Normal Karyotype,6.3,True,R882,True,
TCGA-LAML,TCGA-AB-2988,67.0,Female,M1,Normal Karyotype,0.8,True,INS,True,
TCGA-LAML,TCGA-AB-2989,29.0,Male,M2,Normal Karyotype,11.9,True,WT,True,
TCGA-LAML,TCGA-AB-2990,51.0,Male,M1,Normal Karyotype,42.1,False,WT,True,
TCGA-LAML,TCGA-AB-2992,32.0,Female,M1,Normal Karyotype,56.3,True,WT,True,
TCGA-LAML,TCGA-AB-2993,57.0,Female,M1,Normal Karyotype,24.6,True,INS,True,
TCGA-LAML,TCGA-AB-2995,63.0,Male,M2,Normal Karyotype,73.6,False,WT,True,
TCGA-LAML,TCGA-AB-2996,75.0,Male,M2,Normal Karyotype,73.0,False,WT,True,
TCGA-LAML,TCGA-AB-3000,25.0,Male,M2,Normal Karyotype,67.7,False,WT,True,
TCGA-LAML,TCGA-AB-3002,68.0,Male,M2,Normal Karyotype,46.8,True,WT,True,
TCGA-LAML,TCGA-AB-3006,61.0,Male,M1,Normal Karyotype,15.5,True,WT,True,
TCGA-LAML,TCGA-AB-3008,22.0,Male,M1,Normal Karyotype,27.0,True,WT,True,
TCGA-LAML,TCGA-AB-3009,23.0,Male,M4,Normal Karyotype,19.0,True,WT,True,
TCGA-LAML,TCGA-AB-3011,21.0,Female,M1,Normal Karyotype,81.9,False,WT,True,
TCGA-LAML,TCGA-AB-2810,76.0,Female,M2,N.D.,1.3,True,WT,False,
TCGA-LAML,TCGA-AB-2850,72.0,Female,M2,N.D.,1.9,True,WT,False,
TCGA-LAML,TCGA-AB-2895,41.0,Female,M1,N.D.,5.7,True,R882,False,
TCGA-LAML,TCGA-AB-2946,41.0,Male,M2,N.D.,24.4,False,WT,False,
TCGA-LAML,TCGA-AB-2813,78.0,Male,M4,Complex Cytogenetics,1.3,True,WT,False,
TCGA-LAML,TCGA-AB-2814,39.0,Female,M0,Poor Risk Cytogenetic Abnormality,26.3,True,WT,False,
TCGA-LAML,TCGA-AB-2817,63.0,Male,M2,BCR-ABL1,9.3,True,WT,False,
TCGA-LAML,TCGA-AB-2820,76.0,Male,M0,Complex Cytogenetics,0.3,True,WT,False,
TCGA-LAML,TCGA-AB-2829,50.0,Male,M6,N.D.,8.9,True,WT,False,
TCGA-LAML,TCGA-AB-2832,59.0,Female,M5,Intermediate Risk Cytogenetic Abnormality,11.8,True,WT,False,
TCGA-LAML,TCGA-AB-2834,33.0,Male,M4,"MLL translocation, poor risk",7.7,True,WT,False,
TCGA-LAML,TCGA-AB-2836,35.0,Male,M4,Normal Karyotype,17.0,True,WT,True,
TCGA-LAML,TCGA-AB-2838,67.0,Male,M2,Complex Cytogenetics,12.4,True,WT,False,
TCGA-LAML,TCGA-AB-2842,64.0,Male,M4,Intermediate Risk Cytogenetic Abnormality,0.3,True,WT,False,
TCGA-LAML,TCGA-AB-2844,63.0,Male,M2,"MLL translocation, poor risk",3.9,True,WT,False,
TCGA-LAML,TCGA-AB-2847,53.0,Male,M1,Poor Risk Cytogenetic Abnormality,52.7,True,WT,False,
TCGA-LAML,TCGA-AB-2849,39.0,Male,M0,Complex Cytogenetics,95.5,False,WT,False,
TCGA-LAML,TCGA-AB-2856,63.0,Male,M4,Normal Karyotype,5.3,True,WT,True,
TCGA-LAML,TCGA-AB-2857,54.0,Male,M6,Complex Cytogenetics,10.0,True,WT,False,
TCGA-LAML,TCGA-AB-2860,60.0,Female,M7,Complex Cytogenetics,13.6,True,WT,False,
TCGA-LAML,TCGA-AB-2861,76.0,Male,M5,Poor Risk Cytogenetic Abnormality,0.6,True,INS,False,
TCGA-LAML,TCGA-AB-2863,63.0,Male,M1,Poor Risk Cytogenetic Abnormality,1.2,True,R882,False,
TCGA-LAML,TCGA-AB-2868,77.0,Male,M7,Complex Cytogenetics,4.5,True,WT,False,
TCGA-LAML,TCGA-AB-2874,59.0,Male,M2,Poor Risk Cytogenetic Abnormality,35.2,False,WT,False,
TCGA-LAML,TCGA-AB-2876,45.0,Female,M2,Poor Risk Cytogenetic Abnormality,59.0,False,WT,False,
TCGA-LAML,TCGA-AB-2878,47.0,Female,M2,Complex Cytogenetics,12.2,True,WT,False,
TCGA-LAML,TCGA-AB-2882,73.0,Female,M2,Poor Risk Cytogenetic Abnormality,11.0,True,WT,False,
TCGA-LAML,TCGA-AB-2883,60.0,Male,M5,"MLL translocation, poor risk",47.2,False,WT,False,
TCGA-LAML,TCGA-AB-2885,71.0,Male,M0,Complex Cytogenetics,7.0,True,WT,False,
TCGA-LAML,TCGA-AB-2887,60.0,Female,M1,Poor Risk Cytogenetic Abnormality,17.4,True,INS,False,
TCGA-LAML,TCGA-AB-2891,42.0,Male,M1,Complex Cytogenetics,21.5,True,INS,False,
TCGA-LAML,TCGA-AB-2893,45.0,Male,M5,"MLL translocation, poor risk",6.6,True,WT,False,
TCGA-LAML,TCGA-AB-2901,27.0,Male,M1,BCR-ABL1,10.5,False,WT,False,
TCGA-LAML,TCGA-AB-2904,65.0,Male,M0,Complex Cytogenetics,17.1,True,WT,False,
TCGA-LAML,TCGA-AB-2908,81.0,Male,M2,Complex Cytogenetics,1.4,True,R882,False,
TCGA-LAML,TCGA-AB-2910,61.0,Female,M5,Complex Cytogenetics,0.0,True,WT,False,
TCGA-LAML,TCGA-AB-2911,51.0,Female,M4,"MLL translocation, poor risk",61.2,False,WT,False,
TCGA-LAML,TCGA-AB-2915,73.0,Female,M2,Complex Cytogenetics,0.5,True,WT,False,
TCGA-LAML,TCGA-AB-2917,41.0,Female,M0,Complex Cytogenetics,57.3,False,WT,False,
TCGA-LAML,TCGA-AB-2918,47.0,Female,M1,Intermediate Risk Cytogenetic Abnormality,7.4,True,WT,False,
TCGA-LAML,TCGA-AB-2920,44.0,Male,M2,Complex Cytogenetics,11.8,True,WT,False,
TCGA-LAML,TCGA-AB-2928,43.0,Female,M1,Poor Risk Cytogenetic Abnormality,4.0,True,Other,False,
TCGA-LAML,TCGA-AB-2929,71.0,Female,M0,Complex Cytogenetics,4.6,True,WT,False,
TCGA-LAML,TCGA-AB-2930,62.0,Female,M2,Normal Karyotype,7.1,True,WT,True,
TCGA-LAML,TCGA-AB-2935,66.0,Male,M4,Complex Cytogenetics,1.6,True,WT,False,
TCGA-LAML,TCGA-AB-2939,72.0,Male,M1,Complex Cytogenetics,36.9,False,WT,False,
TCGA-LAML,TCGA-AB-2941,73.0,Male,nc,BCR-ABL1,0.2,True,WT,False,
TCGA-LAML,TCGA-AB-2943,70.0,Female,M1,Complex Cytogenetics,4.2,True,WT,False,
TCGA-LAML,TCGA-AB-2944,48.0,Male,M0,Poor Risk Cytogenetic Abnormality,2.4,True,WT,False,
TCGA-LAML,TCGA-AB-2945,65.0,Female,M4,Complex Cytogenetics,7.8,True,R882,False,
TCGA-LAML,TCGA-AB-2949,58.0,Male,M0,Complex Cytogenetics,32.6,False,R882,False,
TCGA-LAML,TCGA-AB-2952,60.0,Female,M1,Complex Cytogenetics,1.9,True,WT,False,
TCGA-LAML,TCGA-AB-2985,81.0,Female,M5,Normal Karyotype,9.2,True,WT,True,
TCGA-LAML,TCGA-AB-3005,45.0,Male,M5,Normal Karyotype,100.5,False,WT,True,
